IFRS_MONTH,KEY,Kontrak_Baru_Periode_Berjalan,Accretion_Interest_unwind,Efek_Perubahan_Varians_n_Asumsi_Ekonomi,Amortisasi_CSM_Release,Contractual Service Margin,NAMA_PRODUK
2023-12-01,185_22_2023,0.0,3677330.4684385518,-3652777.735505955,-105130.92619476106,12048973.4429,STAR PROTECTION SECURE PLAN
2024-01-01,185_22_2023,0.0,3598083.4718611706,-3573109.0410604263,-105348.42244307582,11968599.451257668,STAR PROTECTION SECURE PLAN
2024-02-01,185_22_2023,0.0,3350719.11891474,-3326349.1820150735,-105562.52248582782,11887406.865671508,STAR PROTECTION SECURE PLAN
2024-03-01,185_22_2023,0.0,3384492.2387566515,-3358945.4524743175,-105788.97723217704,11807164.674721664,STAR PROTECTION SECURE PLAN
2024-04-01,185_22_2023,0.0,3656588.911987596,-3628335.492279033,-106041.72225539121,11729376.372174837,STAR PROTECTION SECURE PLAN
2024-05-01,185_22_2023,0.0,3943872.4851382184,-3912787.2906548665,-106322.3637247077,11654139.202933481,STAR PROTECTION SECURE PLAN
2024-06-01,185_22_2023,0.0,-419180.1526853321,461264.67054164887,-106705.93020834343,11589517.790581454,STAR PROTECTION SECURE PLAN
2024-07-01,185_22_2023,0.0,-111803.88481637966,77911.16503886206,-106389.37278021495,11449235.698023722,STAR PROTECTION SECURE PLAN
2024-08-01,185_22_2023,0.0,11720.692204200916,-261206.1780792183,-104068.91363912528,11095681.29850958,STAR PROTECTION SECURE PLAN
2024-09-01,185_22_2023,0.0,-180035.1339164868,-74624.80391252117,-101678.10434810646,10739343.256332465,STAR PROTECTION SECURE PLAN
2024-03-01,185_22_2024,899784.5914888273,373599.0924384743,-373123.3800161547,-7502.169199259561,892758.1347118872,STAR PROTECTION SECURE PLAN
2024-04-01,185_22_2024,0.0,391619.61483985756,-390965.1084017758,-7507.669253361086,885904.9718966079,STAR PROTECTION SECURE PLAN
2024-05-01,185_22_2024,0.0,414702.20851491595,-413834.73109259014,-7515.020756940119,879257.4285619936,STAR PROTECTION SECURE PLAN
2024-06-01,185_22_2024,0.0,67411.77172730878,-65742.93527085206,-7529.284316397015,873396.9807020533,STAR PROTECTION SECURE PLAN
2024-07-01,185_22_2024,0.0,92052.86909098041,-90130.72050616723,-7545.854562817818,867773.2747240487,STAR PROTECTION SECURE PLAN
2024-08-01,185_22_2024,0.0,102689.3823091418,-100599.54486766353,-7564.027062308933,862299.085103218,STAR PROTECTION SECURE PLAN
2024-09-01,185_22_2024,0.0,79319.2895920584,-77274.47228538289,-7581.964056227138,856761.9383536663,STAR PROTECTION SECURE PLAN
2023-12-01,185_23_2023,16718989.772415241,25542441.11195039,-25441517.913828354,-599419.4561890878,70017174.481,STAR PROTECTION SECURE PLAN
2024-01-01,185_23_2023,0.0,25468769.63202719,-25363240.91147615,-600327.692048057,69522375.50950299,STAR PROTECTION SECURE PLAN
2024-02-01,185_23_2023,0.0,25390911.066255603,-25280690.70093234,-601284.2946014489,69031311.5802248,STAR PROTECTION SECURE PLAN
2024-03-01,185_23_2023,0.0,24861611.77520029,-24749401.033997297,-602266.4049659958,68541255.9164618,STAR PROTECTION SECURE PLAN
2024-04-01,185_23_2023,0.0,26205664.92705907,-26079560.603222325,-603379.2095256636,68063981.03077288,STAR PROTECTION SECURE PLAN
2024-05-01,185_23_2023,0.0,27600121.276038695,-27459659.05239932,-604629.1638389158,67599814.09057334,STAR PROTECTION SECURE PLAN
2024-06-01,185_23_2023,0.0,1461190.446579218,-1258691.6597079153,-606445.1524515408,67195867.72499311,STAR PROTECTION SECURE PLAN
2024-07-01,185_23_2023,0.0,3303255.2451043036,-3081167.749838848,-608454.2211222113,66809500.99913634,STAR PROTECTION SECURE PLAN
2024-08-01,185_23_2023,0.0,4074335.3793403315,-3839191.270560114,-610600.4434558302,66434044.66446073,STAR PROTECTION SECURE PLAN
2024-09-01,185_23_2023,0.0,2991657.98320273,-3324327.3975797086,-607508.7841267339,65493866.46595702,STAR PROTECTION SECURE PLAN
2024-01-01,185_23_2024,10195043.907469371,2775275.21139334,-2730576.0222723573,-85331.19247158628,10154411.904118767,STAR PROTECTION SECURE PLAN
2024-02-01,185_23_2024,0.0,2770839.7439389974,-2725724.617724511,-85710.31117927106,10113816.719153982,STAR PROTECTION SECURE PLAN
2024-03-01,185_23_2024,3437204.1630000854,3692097.4101745803,-3631263.8429652806,-115231.24519467249,13496623.204168694,STAR PROTECTION SECURE PLAN
2024-04-01,185_23_2024,0.0,3873876.891868235,-3811340.2460700423,-115765.1749941491,13443394.674972737,STAR PROTECTION SECURE PLAN
2024-05-01,185_23_2024,0.0,4106573.052121345,-4042008.604194415,-116321.16545766775,13391637.957442,STAR PROTECTION SECURE PLAN
2024-06-01,185_23_2024,0.0,631208.6018104954,-556025.7585549182,-116974.21882952715,13349846.58186805,STAR PROTECTION SECURE PLAN
2024-07-01,185_23_2024,0.0,805677.1493763474,-728499.3925204794,-117650.47098474679,13309373.867739173,STAR PROTECTION SECURE PLAN
2024-08-01,185_23_2024,35416619.18722917,1152368.1614615065,-879970.7458841708,-419483.85390699294,48578906.61663868,STAR PROTECTION SECURE PLAN
2024-09-01,185_23_2024,14187072.995616442,722350.1045707369,-373699.7044558105,-541852.400678497,62572777.61169156,STAR PROTECTION SECURE PLAN
2023-12-01,300_2_2020,0.0,0.0,0.0,0.0,0.0,AJK
2024-01-01,300_2_2020,0.0,0.0,0.0,0.0,0.0,AJK
2024-02-01,300_2_2020,0.0,0.0,0.0,0.0,0.0,AJK
2024-03-01,300_2_2020,0.0,0.0,0.0,0.0,0.0,AJK
2024-04-01,300_2_2020,0.0,0.0,0.0,0.0,0.0,AJK
2024-05-01,300_2_2020,0.0,0.0,0.0,0.0,0.0,AJK
2024-06-01,300_2_2020,0.0,0.0,0.0,0.0,0.0,AJK
2024-07-01,300_2_2020,0.0,0.0,0.0,0.0,0.0,AJK
2024-08-01,300_2_2020,0.0,0.0,0.0,0.0,0.0,AJK
2024-09-01,300_2_2020,0.0,0.0,0.0,0.0,0.0,AJK
2023-12-01,300_2_2021,0.0,0.0,0.0,0.0,0.0,AJK
2024-01-01,300_2_2021,0.0,0.0,0.0,0.0,0.0,AJK
2024-02-01,300_2_2021,0.0,0.0,0.0,0.0,0.0,AJK
2024-03-01,300_2_2021,0.0,0.0,0.0,0.0,0.0,AJK
2024-04-01,300_2_2021,0.0,0.0,0.0,0.0,0.0,AJK
2024-05-01,300_2_2021,0.0,0.0,0.0,0.0,0.0,AJK
2024-06-01,300_2_2021,0.0,0.0,0.0,0.0,0.0,AJK
2024-07-01,300_2_2021,0.0,0.0,0.0,0.0,0.0,AJK
2024-08-01,300_2_2021,0.0,0.0,0.0,0.0,0.0,AJK
2024-09-01,300_2_2021,0.0,0.0,0.0,0.0,0.0,AJK
2023-12-01,300_2_2022,0.0,0.0,0.0,0.0,0.0,AJK
2024-01-01,300_2_2022,0.0,0.0,0.0,0.0,0.0,AJK
2024-02-01,300_2_2022,0.0,0.0,0.0,0.0,0.0,AJK
2024-03-01,300_2_2022,0.0,0.0,0.0,0.0,0.0,AJK
2024-04-01,300_2_2022,0.0,0.0,0.0,0.0,0.0,AJK
2024-05-01,300_2_2022,0.0,0.0,0.0,0.0,0.0,AJK
2024-06-01,300_2_2022,0.0,0.0,0.0,0.0,0.0,AJK
2024-07-01,300_2_2022,0.0,0.0,0.0,0.0,0.0,AJK
2024-08-01,300_2_2022,0.0,0.0,0.0,0.0,0.0,AJK
2024-09-01,300_2_2022,0.0,0.0,0.0,0.0,0.0,AJK
2023-12-01,300_3_2021,147733.65243286017,0.0,0.0,-3.6720970089092756e-12,4.32365184e-11,AJK
2024-01-01,300_3_2021,-137268.35235269956,-397.11132348793444,-1097.3412877993019,9727.197450682048,-129035.6075133047,AJK
2024-02-01,300_3_2021,129035.6075133048,0.0,0.0,-4.498334246693256e-12,1.0144417931346741e-10,AJK
2024-03-01,300_3_2021,0.0,0.0,0.0,-4.29855058169421e-12,9.714562873177319e-11,AJK
2024-04-01,300_3_2021,0.0,0.0,0.0,-4.0968712108662775e-12,9.304875752090691e-11,AJK
2024-05-01,300_3_2021,0.0,0.0,0.0,-3.89327814624938e-12,8.915547937465754e-11,AJK
2024-06-01,300_3_2021,-99493.64741096077,2834.3234344858247,-3901.036959153133,6390.552101476638,-94169.80883415135,AJK
2024-07-01,300_3_2021,94169.8088341514,0.0,0.0,-5.240704711374709e-12,4.32365184e-11,AJK
2024-08-01,300_3_2021,-87128.9350652238,1194.5885596547746,-2113.0096184534464,4460.448543518922,-83586.90758050351,AJK
2024-09-01,300_3_2021,83586.90758050352,0.0,0.0,-6.698829921814068e-12,1.4132687943266294e-11,AJK
2023-12-01,300_5_2021,-1610513.1273561744,10602.328543475409,-20743.40862024732,66750.96841237071,-1553903.239,AJK
2024-01-01,300_5_2021,1553903.2390205755,0.0,0.0,5.45841168165225e-12,2.0575476810336113e-05,AJK
2024-02-01,300_5_2021,0.0,0.0,0.0,5.331374260336112e-12,2.0575476810336113e-05,AJK
2024-03-01,300_5_2021,0.0,0.0,0.0,5.202039039183422e-12,2.0575476810336113e-05,AJK
2024-04-01,300_5_2021,0.0,0.0,0.0,5.0703644565501124e-12,2.0575476810336113e-05,AJK
2024-05-01,300_5_2021,0.0,0.0,0.0,4.936308199042439e-12,2.0575476810336113e-05,AJK
2024-06-01,300_5_2021,0.0,0.0,0.0,4.7998271879196655e-12,2.0575476810336113e-05,AJK
2024-07-01,300_5_2021,0.0,0.0,0.0,4.660877565250776e-12,2.0575476810336113e-05,AJK
2024-08-01,300_5_2021,0.0,0.0,0.0,4.519414679820811e-12,2.0575476810336113e-05,AJK
2024-09-01,300_5_2021,0.0,0.0,0.0,4.375393072782276e-12,2.0575476810336113e-05,AJK
2023-12-01,300_5_2022,0.0,0.0,0.0,0.0,0.0,AJK
2024-01-01,300_5_2022,0.0,0.0,0.0,0.0,0.0,AJK
2024-02-01,300_5_2022,0.0,0.0,0.0,0.0,0.0,AJK
2024-03-01,300_5_2022,0.0,0.0,0.0,0.0,0.0,AJK
2024-04-01,300_5_2022,0.0,0.0,0.0,0.0,0.0,AJK
2024-05-01,300_5_2022,0.0,0.0,0.0,0.0,0.0,AJK
2024-06-01,300_5_2022,0.0,0.0,0.0,0.0,0.0,AJK
2024-07-01,300_5_2022,0.0,0.0,0.0,0.0,0.0,AJK
2024-08-01,300_5_2022,0.0,0.0,0.0,0.0,0.0,AJK
2024-09-01,300_5_2022,0.0,0.0,0.0,0.0,0.0,AJK
2023-12-01,300_6_2023,0.0,0.0,0.0,0.0,0.0,AJK
2024-01-01,300_6_2023,0.0,0.0,0.0,0.0,0.0,AJK
2024-02-01,300_6_2023,0.0,0.0,0.0,0.0,0.0,AJK
2024-03-01,300_6_2023,0.0,0.0,0.0,0.0,0.0,AJK
2024-04-01,300_6_2023,0.0,0.0,0.0,0.0,0.0,AJK
2024-05-01,300_6_2023,0.0,0.0,0.0,0.0,0.0,AJK
2024-06-01,300_6_2023,0.0,0.0,0.0,0.0,0.0,AJK
2024-07-01,300_6_2023,0.0,0.0,0.0,0.0,0.0,AJK
2024-08-01,300_6_2023,0.0,0.0,0.0,0.0,0.0,AJK
2024-09-01,300_6_2023,0.0,0.0,0.0,0.0,0.0,AJK
2024-01-01,300_6_2024,0.0,0.0,0.0,0.0,0.0,AJK
2024-02-01,300_6_2024,0.0,0.0,0.0,0.0,0.0,AJK
2024-03-01,300_6_2024,0.0,0.0,0.0,0.0,0.0,AJK
2024-04-01,300_6_2024,0.0,0.0,0.0,0.0,0.0,AJK
2024-05-01,300_6_2024,0.0,0.0,0.0,0.0,0.0,AJK
2024-06-01,300_6_2024,0.0,0.0,0.0,0.0,0.0,AJK
2024-07-01,300_6_2024,0.0,0.0,0.0,0.0,0.0,AJK
2024-08-01,300_6_2024,0.0,0.0,0.0,0.0,0.0,AJK
2024-09-01,300_6_2024,0.0,0.0,0.0,0.0,0.0,AJK
2023-12-01,300_7_2023,0.0,477789.61483079294,-101548.67600469627,-21768999.423843645,58049592.69794424,AJK
2024-01-01,300_7_2023,0.0,357741.4935985674,-82732.56875127026,-18315281.32310183,40009320.29968971,AJK
2024-02-01,300_7_2023,0.0,246406.65816547748,-56970.30634667531,-14114470.920541104,26084285.730967402,AJK
2024-03-01,300_7_2023,0.0,156716.3517351674,-33592.50367315957,-9722844.771404905,16484564.807624504,AJK
2024-04-01,300_7_2023,0.0,127431.16284819464,-59816.73398641652,-6584575.436108848,9967603.800377436,AJK
2024-05-01,300_7_2023,0.0,73108.62118802273,-32394.463499765865,-4444859.634440717,5563458.323624976,AJK
2024-06-01,300_7_2023,0.0,30862.379384879237,-4975.352364492641,-2629481.036435369,2959864.31420999,AJK
2024-07-01,300_7_2023,0.0,16169.833235772523,-2201.073266777722,-1825856.6757551178,1147976.3984238654,AJK
2024-08-01,300_7_2023,0.0,6209.864114376374,-606.5020338252484,-959146.7925888741,194432.96791554242,AJK
2024-09-01,300_7_2023,0.0,1049.0274466802855,1.1570706059949032e-09,-195481.9931479068,0.0022143200039863586,AJK
2023-12-01,301_1_2020,0.0,0.0,0.0,0.0,-2.146587007e-11,AJK
2024-01-01,301_1_2020,0.0,0.0,0.0,0.0,-2.146587007e-11,AJK
2024-02-01,301_1_2020,0.0,0.0,0.0,0.0,-2.146587007e-11,AJK
2024-03-01,301_1_2020,0.0,0.0,0.0,0.0,-2.146587007e-11,AJK
2024-04-01,301_1_2020,0.0,0.0,0.0,0.0,-2.146587007e-11,AJK
2024-05-01,301_1_2020,0.0,0.0,0.0,0.0,-2.146587007e-11,AJK
2024-06-01,301_1_2020,0.0,0.0,0.0,0.0,-2.146587007e-11,AJK
2024-07-01,301_1_2020,0.0,0.0,0.0,0.0,-2.146587007e-11,AJK
2024-08-01,301_1_2020,0.0,0.0,0.0,0.0,-2.146587007e-11,AJK
2024-09-01,301_1_2020,0.0,0.0,0.0,0.0,-2.146587007e-11,AJK
2023-12-01,301_2_2021,0.0,0.0,0.0,0.0,0.0,AJK
2024-01-01,301_2_2021,0.0,0.0,0.0,0.0,0.0,AJK
2024-02-01,301_2_2021,0.0,0.0,0.0,0.0,0.0,AJK
2024-03-01,301_2_2021,9463.383444994573,617.4879629033658,-600.7317171008538,14111.613403200095,23591.75309399718,AJK
2024-04-01,301_2_2021,0.0,632.7559965335362,-541.8265503388737,8539.215533025053,32221.898073216897,AJK
2024-05-01,301_2_2021,0.0,625.0100338240858,-487.6571783709852,-18225.48836493537,14133.762563734628,AJK
2024-06-01,301_2_2021,-14133.762563734601,1.4775539173840993e-14,-1.6839862837514374e-12,3.5342839452783303e-12,2.9103830456733704e-11,AJK
2024-07-01,301_2_2021,14112.241203721942,476.7877071269087,-418.76177390210296,-8510.92561604545,5659.341520901327,AJK
2024-08-01,301_2_2021,-5659.3415209013,6.271008798802883e-15,8.171241461241152e-13,4.5804399798330174e-12,3.2741809263825417e-11,AJK
2024-09-01,301_2_2021,0.0,1.0072632994691997e-14,0.0,3.0452374868185177e-12,3.5797119383638626e-11,AJK
2023-12-01,301_2_2022,86073.37691466496,6.172378426923852e-15,0.0,-2.250705608475057e-12,1.79891412e-11,AJK
2024-01-01,301_2_2022,0.0,6.198653255506959e-15,0.0,-2.0646806452437705e-12,1.5930659208011735e-11,AJK
2024-02-01,301_2_2022,-60083.05756278958,2760.5307664686366,-3196.0836494901273,-7072.661366959558,-67591.27181277062,AJK
2024-03-01,301_2_2022,67591.27181277063,7.463931838832184e-15,4.725109192804666e-13,-2.6222336851157984e-12,1.79891412e-11,AJK
2024-04-01,301_2_2022,0.0,9.401671524542384e-15,0.0,-2.562826942074059e-12,1.5435715929450482e-11,AJK
2024-05-01,301_2_2022,0.0,9.440997367017155e-15,0.0,-2.3163434647053392e-12,1.3128813462112161e-11,AJK
2024-06-01,301_2_2022,0.0,9.480487714116723e-15,0.0,-2.010313227692369e-12,1.1127980722133908e-11,AJK
2024-07-01,301_2_2022,0.0,9.520143254030489e-15,0.0,-1.4123207031726906e-12,9.725180162215249e-12,AJK
2024-08-01,301_2_2022,0.0,9.559964677827047e-15,0.0,-1.1918431230184251e-12,8.54289700387465e-12,AJK
2024-09-01,301_2_2022,0.0,9.599952679466229e-15,0.0,-1.0044056196405737e-12,7.548091336913543e-12,AJK
2023-12-01,301_2_2023,0.0,0.0,0.0,0.0,0.0,AJK
2024-01-01,301_2_2023,0.0,0.0,0.0,0.0,0.0,AJK
2024-02-01,301_2_2023,0.0,0.0,0.0,0.0,0.0,AJK
2024-03-01,301_2_2023,0.0,0.0,0.0,0.0,0.0,AJK
2024-04-01,301_2_2023,0.0,0.0,0.0,0.0,0.0,AJK
2024-05-01,301_2_2023,0.0,0.0,0.0,0.0,0.0,AJK
2024-06-01,301_2_2023,0.0,0.0,0.0,0.0,0.0,AJK
2024-07-01,301_2_2023,0.0,0.0,0.0,0.0,0.0,AJK
2024-08-01,301_2_2023,0.0,0.0,0.0,0.0,0.0,AJK
2024-09-01,301_2_2023,221983.89281041405,2105.134595071283,-1063.532911212686,-39916.3049796481,183109.18951462457,AJK
2024-01-01,301_2_2024,12916.354556022981,2665.5945238230943,-2606.0169698245018,-1312.2280386063321,11663.704071415243,AJK
2024-02-01,301_2_2024,-11663.704071415228,0.0,0.0,0.0,1.4551915228366852e-11,AJK
2024-03-01,301_2_2024,26876.41412421249,1426.058610070571,-1265.706415174908,-2353.431389276291,24683.334929831875,AJK
2024-04-01,301_2_2024,19063.47303443058,3934.8433359275487,-3769.5941828392133,-4246.119473262331,39665.93764408846,AJK
2024-05-01,301_2_2024,-39665.937644088444,0.0,0.0,1.5952423738424267e-12,1.4551915228366852e-11,AJK
2024-06-01,301_2_2024,0.0,0.0,0.0,1.532515659808314e-12,1.6084430888175165e-11,AJK
2024-07-01,301_2_2024,0.0,0.0,0.0,1.4231695692949705e-12,1.7507600457470135e-11,AJK
2024-08-01,301_2_2024,0.0,0.0,0.0,1.3291006109818057e-12,1.883670106845194e-11,AJK
2024-09-01,301_2_2024,0.0,0.0,0.0,1.1958731267819841e-12,2.0032574195233925e-11,AJK
2023-12-01,301_3_2022,0.0,0.0,0.0,0.0,0.0,AJK
2024-01-01,301_3_2022,0.0,0.0,0.0,0.0,0.0,AJK
2024-02-01,301_3_2022,0.0,0.0,0.0,0.0,0.0,AJK
2024-03-01,301_3_2022,0.0,0.0,0.0,0.0,0.0,AJK
2024-04-01,301_3_2022,0.0,0.0,0.0,0.0,0.0,AJK
2024-05-01,301_3_2022,0.0,0.0,0.0,0.0,0.0,AJK
2024-06-01,301_3_2022,0.0,0.0,0.0,0.0,0.0,AJK
2024-07-01,301_3_2022,0.0,0.0,0.0,0.0,0.0,AJK
2024-08-01,301_3_2022,0.0,0.0,0.0,0.0,0.0,AJK
2024-09-01,301_3_2022,0.0,0.0,0.0,0.0,0.0,AJK
2023-12-01,301_4_2022,0.0,60984.957909658,-44563.93926195416,-314037.91595906625,3368692.4747989,AJK
2024-01-01,301_4_2022,0.0,56022.466000217944,-40948.03868137786,-300348.658733752,3083418.2433839883,AJK
2024-02-01,301_4_2022,0.0,50113.190446183326,-36329.79405997194,-286398.84477426053,2810802.794995939,AJK
2024-03-01,301_4_2022,0.0,45358.23664073319,-32808.1647243475,-272185.019331947,2551167.847580378,AJK
2024-04-01,301_4_2022,0.0,91558.57450406549,-81712.86925372908,-257549.62880166387,2303463.9240290504,AJK
2024-05-01,301_4_2022,0.0,85645.02823294183,-76770.781421819,-242661.2799849581,2069676.890855215,AJK
2024-06-01,301_4_2022,0.0,42329.76203778838,-33131.66265448107,-227654.03965230155,1851220.9505862207,AJK
2024-07-01,301_4_2022,0.0,40938.34391152439,-32734.035713489484,-205587.2478639272,1653838.0109203286,AJK
2024-08-01,301_4_2022,0.0,37677.91892794392,-30389.627487547004,-179092.07671714676,1482034.2256435787,AJK
2024-09-01,301_4_2022,0.0,33450.16040414324,-26961.04665423254,-158152.79450614683,1330370.5448873425,AJK
2023-12-01,301_4_2023,3666606.5355643043,125164.47066662148,-4010.015190414915,-1229897.9301756443,18660374.32746,AJK
2024-01-01,301_4_2023,0.0,95221.67643438367,2000.2432570658514,-1188925.7539789495,17568670.493172497,AJK
2024-02-01,301_4_2023,0.0,87553.24554367951,3881.3885268788313,-1152275.044371327,16507830.08287173,AJK
2024-03-01,301_4_2023,0.0,82472.34212934972,3310.154936988073,-1108978.9194266566,15484633.660511412,AJK
2024-04-01,301_4_2023,0.0,335624.3942770055,-264505.28186397895,-1067529.7134346876,14488223.05948975,AJK
2024-05-01,301_4_2023,0.0,328825.8776446541,-262376.98655473755,-1026546.2728482473,13528125.677731419,AJK
2024-06-01,301_4_2023,0.0,121924.82439943822,-51912.80091134717,-987716.9526211369,12610420.748598374,AJK
2024-07-01,301_4_2023,0.0,127590.91617517524,-62478.46861828503,-946374.2608819992,11729158.935273264,AJK
2024-08-01,301_4_2023,0.0,122319.91173891847,-61866.92194162295,-907128.3564558083,10882483.568614751,AJK
2024-09-01,301_4_2023,0.0,110041.41020496032,-54104.06490199913,-867254.5724803766,10071166.341437336,AJK
2024-01-01,301_4_2024,1080660.8726381485,19803.777789101754,-8636.215957936596,-74731.14615642144,1017097.2883128922,AJK
2024-02-01,301_4_2024,1611945.1354475836,32675.665205142188,-10594.165796104886,-175323.03654427905,2475800.886625234,AJK
2024-03-01,301_4_2024,2795452.122282289,61144.957011773986,-24779.093515010056,-340474.1865298497,4967144.685874438,AJK
2024-04-01,301_4_2024,467843.2968761225,122650.42033376552,-95158.05451917852,-352331.0094974595,5110149.339067688,AJK
2024-05-01,301_4_2024,1995975.803815012,185555.71427858577,-143528.19831953786,-450613.5901344231,6697539.0687073255,AJK
2024-06-01,301_4_2024,2348136.089333499,101508.4230451073,-41733.96689664712,-562910.6036181672,8542539.010571117,AJK
2024-07-01,301_4_2024,2243712.143494279,119662.41754584294,-50833.28650360655,-660668.286805304,10194411.998302327,AJK
2024-08-01,301_4_2024,2160097.124658389,138178.64773372788,-57152.29512199286,-762546.476583009,11672988.998989442,AJK
2024-09-01,301_4_2024,1322782.0647676429,128787.91467985693,-50027.73166790975,-827501.7653417859,12247029.481427247,AJK
2023-12-01,304_1_2022,0.0,5593.608271688679,-21.38176269245443,-42067.296124712564,977598.0967100001,AJK
2024-01-01,304_1_2022,0.0,5556.950246877377,-185.0798082463018,-41515.002950093825,941454.9641985373,AJK
2024-02-01,304_1_2022,0.0,5348.448561819182,-175.02910159604585,-40943.33510947173,905685.0485492888,AJK
2024-03-01,304_1_2022,0.0,5290.857024048117,-313.8003628641937,-40351.84762101274,870310.2575894599,AJK
2024-04-01,304_1_2022,0.0,16360.638312435565,-12096.898168759546,-39716.49577118441,834857.5019619515,AJK
2024-05-01,304_1_2022,0.0,15789.62056951002,-11699.434120973732,-39061.163467589635,799886.5249428982,AJK
2024-06-01,304_1_2022,0.0,6670.412333131975,-2273.991176556409,-38408.22575914971,765874.7203403241,AJK
2024-07-01,304_1_2022,0.0,7067.840591415131,-2857.9700598734903,-37733.61963860046,732350.9712332652,AJK
2024-08-01,304_1_2022,0.0,6944.869060543532,-2918.9516947911725,-37036.84727305232,699340.0413259652,AJK
2024-09-01,304_1_2022,0.0,6489.573952514767,-2644.8362362749626,-36317.403231839235,666867.3758103659,AJK
2023-12-01,304_1_2023,0.0,-7044.418975405603,30893.373318992428,-205098.98353511505,4487767.943969999,AJK
2024-01-01,304_1_2023,0.0,-4606.381510717531,27423.798390832508,-202222.5926486978,4308362.768201416,AJK
2024-02-01,304_1_2023,0.0,-4212.777636404684,26058.684082137082,-199248.84188384726,4130959.8327633017,AJK
2024-03-01,304_1_2023,0.0,-2454.465334594546,23272.393274188187,-196172.12185105533,3955605.63885184,AJK
2024-04-01,304_1_2023,0.0,104779.56761250559,-87235.22588295364,-192880.52736372454,3780269.4532176675,AJK
2024-05-01,304_1_2023,0.0,107484.98280663387,-90728.7763821052,-189491.59549255422,3607534.064149642,AJK
2024-06-01,304_1_2023,0.0,22810.414557103093,-4681.5682565854095,-186113.6139345194,3439549.29651564,AJK
2024-07-01,304_1_2023,0.0,26403.519483922955,-9130.48692604018,-182629.9277717351,3274192.4013017877,AJK
2024-08-01,304_1_2023,0.0,26090.94000701184,-9661.86505708606,-179038.13228607888,3111583.3439656347,AJK
2024-09-01,304_1_2023,0.0,20732.491988741443,-5135.382059391137,-175335.74333888854,2951844.7105560964,AJK
2023-12-01,304_2_2022,0.0,-44555.50937056187,42155.83604671317,-1132.2957975876614,46719.43194,AJK
2024-01-01,304_2_2022,0.0,-43205.36965026337,40829.18194393383,-1066.2294962451451,43277.014737425314,AJK
2024-02-01,304_2_2022,0.0,-43335.04283157927,40982.17743309843,-1000.1225210952168,39924.02681784927,AJK
2024-03-01,304_2_2022,0.0,-40560.3754745148,38232.31862217956,-934.0217660888828,36661.94819942514,AJK
2024-04-01,304_2_2022,0.0,73329.7041567663,-75651.81338760222,-867.4621638565338,33472.37680473269,AJK
2024-05-01,304_2_2022,0.0,72223.02002034309,-74517.93179140007,-800.9894597901583,30376.475573885546,AJK
2024-06-01,304_2_2022,0.0,-17588.02044515424,15342.042901166482,-735.1857636872339,27395.312266210552,AJK
2024-07-01,304_2_2022,0.0,-9633.144954396155,7415.505798475468,-669.5327612377048,24508.14034905216,AJK
2024-08-01,304_2_2022,0.0,-6943.369004185289,4752.449292784208,-604.0027572281258,21713.21788042295,AJK
2024-09-01,304_2_2022,0.0,-8992.964741086531,6827.322201192612,-538.571684431096,19009.003656097935,AJK
2023-12-01,304_3_2023,0.0,0.0,0.0,0.0,0.0,AJK
2024-01-01,304_3_2023,0.0,0.0,0.0,0.0,0.0,AJK
2024-02-01,304_3_2023,0.0,0.0,0.0,0.0,0.0,AJK
2024-03-01,304_3_2023,0.0,0.0,0.0,0.0,0.0,AJK
2024-04-01,304_3_2023,0.0,0.0,0.0,0.0,0.0,AJK
2024-05-01,304_3_2023,0.0,0.0,0.0,0.0,0.0,AJK
2024-06-01,304_3_2023,0.0,0.0,0.0,0.0,0.0,AJK
2024-07-01,304_3_2023,0.0,0.0,0.0,0.0,0.0,AJK
2024-08-01,304_3_2023,0.0,0.0,0.0,0.0,0.0,AJK
2024-09-01,304_3_2023,0.0,0.0,0.0,0.0,0.0,AJK
2023-12-01,306_1_2023,311944.530073619,622332.7601818849,2061032.214357792,-14045136.598298572,258741061.9613568,AJK
2024-01-01,306_1_2023,0.0,-703179.0817792008,2140723.2153934184,-8137087.798869563,252041518.29610145,AJK
2024-02-01,306_1_2023,0.0,-848451.6605657492,2249412.531834823,-8048958.124344828,245393521.0430257,AJK
2024-03-01,306_1_2023,0.0,-883006.1343339942,2246457.0565196066,-7947957.933948819,238809014.0312625,AJK
2024-04-01,306_1_2023,0.0,6383143.34142482,-5198624.737537929,-7822436.405470884,232171096.22967848,AJK
2024-05-01,306_1_2023,0.0,6621077.596856325,-5469415.451992736,-7666681.422958456,225656076.95158362,AJK
2024-06-01,306_1_2023,0.0,511648.425068379,741699.2299621073,-7539643.228912882,219369781.37770122,AJK
2024-07-01,306_1_2023,0.0,930338.6950333631,287547.92875111673,-7403009.897538462,213184658.10394725,AJK
2024-08-01,306_1_2023,0.0,1068223.6618531358,114863.63953247669,-7275452.133943846,207092293.271389,AJK
2024-09-01,306_1_2023,0.0,774716.7104193023,374157.590441438,-7097502.202424369,201143665.3698254,AJK
2024-01-01,306_1_2024,709721.2498171153,4178.2518243872655,-139.04469565391992,-15311.741292547233,698448.7156533013,AJK
2024-02-01,306_1_2024,3120985.5890293187,21976.48974013392,-14.372694693697667,-58429.08838048001,3782967.33334758,AJK
2024-03-01,306_1_2024,2692124.871274848,106777.29390264154,-71948.56500186739,-133592.4864498653,6376328.447073337,AJK
2024-04-01,306_1_2024,0.0,386910.85591668193,-354826.5215994125,-133395.0233967533,6275017.757993853,AJK
2024-05-01,306_1_2024,1286383.1049810802,489712.2234287026,-451445.1418504934,-150850.01360143692,7448817.930951705,AJK
2024-06-01,306_1_2024,0.0,108936.19920277545,-66796.94721584111,-150759.41749598196,7340197.765442657,AJK
2024-07-01,306_1_2024,0.0,131765.567184376,-90234.79288007092,-150642.1912560348,7231086.348490927,AJK
2024-08-01,306_1_2024,0.0,133603.25564117244,-92685.94780028569,-150497.4128299724,7121506.243501842,AJK
2024-09-01,306_1_2024,0.0,113969.34530566311,-73670.64161667321,-150324.12475247442,7011480.822438357,AJK
2024-03-01,308_1_2024,945635.5531556886,13476.520404808933,-8840.82096395767,-55488.81424908094,894782.4383474588,AJK
2024-04-01,308_1_2024,0.0,13444.217081863144,-9058.69270630289,-54122.89608692576,845045.0666360933,AJK
2024-05-01,308_1_2024,0.0,13348.767595798341,-9208.00808420677,-52717.072405682135,796468.7537420028,AJK
2024-06-01,308_1_2024,1971964.678922532,18467.128109362828,-2971.030024520361,-183904.7568544489,2600024.7738949284,AJK
2024-07-01,308_1_2024,0.0,18606.40914589578,-4054.9871284261976,-178574.86017993715,2436001.335732461,AJK
2024-08-01,308_1_2024,4497060.763309486,45979.708139733266,-6648.497144623655,-402890.89090046106,6569502.419136596,AJK
2024-09-01,308_1_2024,1621935.8860547482,50914.554114782106,-4387.017449205833,-477403.7589739126,7760562.082883008,AJK
2023-12-01,308_2_2023,0.0,0.0,0.0,0.0,0.0,AJK
2024-01-01,308_2_2023,0.0,0.0,0.0,0.0,0.0,AJK
2024-02-01,308_2_2023,0.0,0.0,0.0,0.0,0.0,AJK
2024-03-01,308_2_2023,0.0,0.0,0.0,0.0,0.0,AJK
2024-04-01,308_2_2023,0.0,0.0,0.0,0.0,0.0,AJK
2024-05-01,308_2_2023,0.0,0.0,0.0,0.0,0.0,AJK
2024-06-01,308_2_2023,0.0,0.0,0.0,0.0,0.0,AJK
2024-07-01,308_2_2023,0.0,0.0,0.0,0.0,0.0,AJK
2024-08-01,308_2_2023,0.0,0.0,0.0,0.0,0.0,AJK
2024-09-01,308_2_2023,0.0,0.0,0.0,0.0,0.0,AJK
2024-01-01,308_2_2024,0.0,0.0,0.0,0.0,0.0,AJK
2024-02-01,308_2_2024,0.0,0.0,0.0,0.0,0.0,AJK
2024-03-01,308_2_2024,0.0,0.0,0.0,0.0,0.0,AJK
2024-04-01,308_2_2024,0.0,0.0,0.0,0.0,0.0,AJK
2024-05-01,308_2_2024,0.0,0.0,0.0,0.0,0.0,AJK
2024-06-01,308_2_2024,499052.6421960163,36896.23887708614,-33795.63850204308,-59651.28600243313,442501.9565686262,AJK
2024-07-01,308_2_2024,-442501.9565686262,0.0,0.0,6.4835370562179905e-12,0.0,AJK
2024-08-01,308_2_2024,0.0,0.0,0.0,6.160083966508489e-12,6.160083966508489e-12,AJK
2024-09-01,308_2_2024,249308.93526297878,38391.185528019654,-38638.21394824086,-57369.60529276488,191692.30154999273,AJK
2024-02-01,308_3_2024,1958229.7956921852,11096.415843418235,-330.44590249368764,-132043.46356715387,1836952.302065956,AJK
2024-03-01,308_3_2024,13969484.176753424,214462.63947570362,-136114.8045528348,-907252.8048872822,14977531.508854967,AJK
2024-04-01,308_3_2024,19455039.419930067,520475.0686567391,-344662.1477696659,-1900663.175266507,32707720.674405597,AJK
2024-05-01,308_3_2024,8912387.120987128,621176.8715193447,-414684.14891133795,-2396946.470515692,39429654.04748504,AJK
2024-06-01,308_3_2024,20954368.91600491,482209.8379415356,-110824.60700813479,-3772092.8950600596,56983315.29936329,AJK
2024-07-01,308_3_2024,35410897.29349076,731954.2115291206,-172982.55672491394,-5910302.218375526,87042882.02928273,AJK
2024-08-01,308_3_2024,35062521.639787935,896880.5735567826,-170186.69770617256,-7960603.339799603,114871494.20512167,AJK
2024-09-01,308_3_2024,34027288.96117146,1050196.4271758336,-153703.04733990817,-9976193.352509074,139819083.19361997,AJK
2024-07-01,308_4_2024,11303039.897117777,71288.6722893482,-4605.043369500918,-154509.50988061307,11215214.016157009,AJK
2024-08-01,308_4_2024,3415367.9465746637,100386.67221641752,-13849.150682230516,-210922.8302318886,14506196.65403397,AJK
2024-09-01,308_4_2024,1703511.465106785,87945.44971040894,7811.549874454554,-289959.1075604878,16015506.01116513,AJK
2023-12-01,AJK_Relife_11,0.0,0.0,0.0,0.0,0.0,AJK_RELIFE
2024-01-01,AJK_Relife_11,0.0,0.0,0.0,0.0,0.0,AJK_RELIFE
2024-02-01,AJK_Relife_11,0.0,0.0,0.0,0.0,0.0,AJK_RELIFE
2024-03-01,AJK_Relife_11,0.0,0.0,0.0,0.0,0.0,AJK_RELIFE
2024-04-01,AJK_Relife_11,0.0,0.0,0.0,0.0,0.0,AJK_RELIFE
2024-05-01,AJK_Relife_11,0.0,0.0,0.0,0.0,0.0,AJK_RELIFE
2024-06-01,AJK_Relife_11,0.0,0.0,0.0,0.0,0.0,AJK_RELIFE
2024-07-01,AJK_Relife_11,0.0,0.0,0.0,0.0,0.0,AJK_RELIFE
2024-08-01,AJK_Relife_11,0.0,0.0,0.0,0.0,0.0,AJK_RELIFE
2024-09-01,AJK_Relife_11,0.0,0.0,0.0,0.0,0.0,AJK_RELIFE
2023-12-01,AJK_Relife_12,0.0,0.0,0.0,0.0,0.0,AJK_RELIFE
2024-01-01,AJK_Relife_12,0.0,0.0,0.0,0.0,0.0,AJK_RELIFE
2024-02-01,AJK_Relife_12,0.0,0.0,0.0,0.0,0.0,AJK_RELIFE
2024-03-01,AJK_Relife_12,0.0,0.0,0.0,0.0,0.0,AJK_RELIFE
2024-04-01,AJK_Relife_12,0.0,0.0,0.0,0.0,0.0,AJK_RELIFE
2024-05-01,AJK_Relife_12,0.0,0.0,0.0,0.0,0.0,AJK_RELIFE
2024-06-01,AJK_Relife_12,0.0,0.0,0.0,0.0,0.0,AJK_RELIFE
2024-07-01,AJK_Relife_12,0.0,0.0,0.0,0.0,0.0,AJK_RELIFE
2024-08-01,AJK_Relife_12,0.0,0.0,0.0,0.0,0.0,AJK_RELIFE
2024-09-01,AJK_Relife_12,0.0,0.0,0.0,0.0,0.0,AJK_RELIFE
2023-12-01,AJK_Relife_13,0.0,0.0,0.0,0.0,0.0,AJK_RELIFE
2024-01-01,AJK_Relife_13,0.0,0.0,0.0,0.0,0.0,AJK_RELIFE
2024-02-01,AJK_Relife_13,0.0,0.0,0.0,0.0,0.0,AJK_RELIFE
2024-03-01,AJK_Relife_13,0.0,0.0,0.0,0.0,0.0,AJK_RELIFE
2024-04-01,AJK_Relife_13,0.0,0.0,0.0,0.0,0.0,AJK_RELIFE
2024-05-01,AJK_Relife_13,0.0,0.0,0.0,0.0,0.0,AJK_RELIFE
2024-06-01,AJK_Relife_13,0.0,0.0,0.0,0.0,0.0,AJK_RELIFE
2024-07-01,AJK_Relife_13,0.0,0.0,0.0,0.0,0.0,AJK_RELIFE
2024-08-01,AJK_Relife_13,0.0,0.0,0.0,0.0,0.0,AJK_RELIFE
2024-09-01,AJK_Relife_13,0.0,0.0,0.0,0.0,0.0,AJK_RELIFE
2023-12-01,AJK_Relife_14,0.0,0.0,0.0,0.0,0.0,AJK_RELIFE
2024-01-01,AJK_Relife_14,0.0,0.0,0.0,0.0,0.0,AJK_RELIFE
2024-02-01,AJK_Relife_14,0.0,0.0,0.0,0.0,0.0,AJK_RELIFE
2024-03-01,AJK_Relife_14,0.0,0.0,0.0,0.0,0.0,AJK_RELIFE
2024-04-01,AJK_Relife_14,0.0,0.0,0.0,0.0,0.0,AJK_RELIFE
2024-05-01,AJK_Relife_14,0.0,0.0,0.0,0.0,0.0,AJK_RELIFE
2024-06-01,AJK_Relife_14,0.0,0.0,0.0,0.0,0.0,AJK_RELIFE
2024-07-01,AJK_Relife_14,0.0,0.0,0.0,0.0,0.0,AJK_RELIFE
2024-08-01,AJK_Relife_14,0.0,0.0,0.0,0.0,0.0,AJK_RELIFE
2024-09-01,AJK_Relife_14,0.0,0.0,0.0,0.0,0.0,AJK_RELIFE
2023-12-01,AJK_Relife_15,0.0,0.0,0.0,0.0,0.0,AJK_RELIFE
2024-01-01,AJK_Relife_15,0.0,0.0,0.0,0.0,0.0,AJK_RELIFE
2024-02-01,AJK_Relife_15,0.0,0.0,0.0,0.0,0.0,AJK_RELIFE
2024-03-01,AJK_Relife_15,0.0,0.0,0.0,0.0,0.0,AJK_RELIFE
2024-04-01,AJK_Relife_15,0.0,0.0,0.0,0.0,0.0,AJK_RELIFE
2024-05-01,AJK_Relife_15,0.0,0.0,0.0,0.0,0.0,AJK_RELIFE
2024-06-01,AJK_Relife_15,0.0,0.0,0.0,0.0,0.0,AJK_RELIFE
2024-07-01,AJK_Relife_15,0.0,0.0,0.0,0.0,0.0,AJK_RELIFE
2024-08-01,AJK_Relife_15,0.0,0.0,0.0,0.0,0.0,AJK_RELIFE
2024-09-01,AJK_Relife_15,0.0,0.0,0.0,0.0,0.0,AJK_RELIFE
2023-12-01,AJK_Relife_16,0.0,0.0,0.0,0.0,0.0,AJK_RELIFE
2024-01-01,AJK_Relife_16,0.0,0.0,0.0,0.0,0.0,AJK_RELIFE
2024-02-01,AJK_Relife_16,0.0,0.0,0.0,0.0,0.0,AJK_RELIFE
2024-03-01,AJK_Relife_16,0.0,0.0,0.0,0.0,0.0,AJK_RELIFE
2024-04-01,AJK_Relife_16,0.0,0.0,0.0,0.0,0.0,AJK_RELIFE
2024-05-01,AJK_Relife_16,0.0,0.0,0.0,0.0,0.0,AJK_RELIFE
2024-06-01,AJK_Relife_16,0.0,0.0,0.0,0.0,0.0,AJK_RELIFE
2024-07-01,AJK_Relife_16,0.0,0.0,0.0,0.0,0.0,AJK_RELIFE
2024-08-01,AJK_Relife_16,0.0,0.0,0.0,0.0,0.0,AJK_RELIFE
2024-09-01,AJK_Relife_16,0.0,0.0,0.0,0.0,0.0,AJK_RELIFE
2023-12-01,AJK_Relife_17,0.0,0.0,0.0,0.0,0.0,AJK_RELIFE
2024-01-01,AJK_Relife_17,0.0,0.0,0.0,0.0,0.0,AJK_RELIFE
2024-02-01,AJK_Relife_17,0.0,0.0,0.0,0.0,0.0,AJK_RELIFE
2024-03-01,AJK_Relife_17,0.0,0.0,0.0,0.0,0.0,AJK_RELIFE
2024-04-01,AJK_Relife_17,0.0,0.0,0.0,0.0,0.0,AJK_RELIFE
2024-05-01,AJK_Relife_17,0.0,0.0,0.0,0.0,0.0,AJK_RELIFE
2024-06-01,AJK_Relife_17,0.0,0.0,0.0,0.0,0.0,AJK_RELIFE
2024-07-01,AJK_Relife_17,0.0,0.0,0.0,0.0,0.0,AJK_RELIFE
2024-08-01,AJK_Relife_17,0.0,0.0,0.0,0.0,0.0,AJK_RELIFE
2024-09-01,AJK_Relife_17,0.0,0.0,0.0,0.0,0.0,AJK_RELIFE
2023-12-01,AJK_Relife_18,0.0,0.0,0.0,0.0,0.0,AJK_RELIFE
2024-02-01,AJK_Relife_18,0.0,0.0,0.0,0.0,0.0,AJK_RELIFE
2024-03-01,AJK_Relife_18,0.0,0.0,0.0,0.0,0.0,AJK_RELIFE
2024-04-01,AJK_Relife_18,0.0,0.0,0.0,0.0,0.0,AJK_RELIFE
2024-05-01,AJK_Relife_18,0.0,0.0,0.0,0.0,0.0,AJK_RELIFE
2024-06-01,AJK_Relife_18,0.0,0.0,0.0,0.0,0.0,AJK_RELIFE
2024-07-01,AJK_Relife_18,0.0,0.0,0.0,0.0,0.0,AJK_RELIFE
2024-08-01,AJK_Relife_18,0.0,0.0,0.0,0.0,0.0,AJK_RELIFE
2024-09-01,AJK_Relife_18,0.0,0.0,0.0,0.0,0.0,AJK_RELIFE
2023-12-01,AJK_Relife_5,0.0,0.0,0.0,0.0,0.0,AJK_RELIFE
2024-01-01,AJK_Relife_5,0.0,0.0,0.0,0.0,0.0,AJK_RELIFE
2024-02-01,AJK_Relife_5,0.0,0.0,0.0,0.0,0.0,AJK_RELIFE
2024-03-01,AJK_Relife_5,0.0,0.0,0.0,0.0,0.0,AJK_RELIFE
2024-04-01,AJK_Relife_5,0.0,0.0,0.0,0.0,0.0,AJK_RELIFE
2024-05-01,AJK_Relife_5,0.0,0.0,0.0,0.0,0.0,AJK_RELIFE
2024-06-01,AJK_Relife_5,0.0,0.0,0.0,0.0,0.0,AJK_RELIFE
2024-07-01,AJK_Relife_5,0.0,0.0,0.0,0.0,0.0,AJK_RELIFE
2024-08-01,AJK_Relife_5,0.0,0.0,0.0,0.0,0.0,AJK_RELIFE
2024-09-01,AJK_Relife_5,0.0,0.0,0.0,0.0,0.0,AJK_RELIFE
2023-12-01,AJK_Relife_7,0.0,0.0,0.0,0.0,0.0,AJK_RELIFE
2024-01-01,AJK_Relife_7,0.0,0.0,0.0,0.0,0.0,AJK_RELIFE
2024-02-01,AJK_Relife_7,0.0,0.0,0.0,0.0,0.0,AJK_RELIFE
2024-03-01,AJK_Relife_7,0.0,0.0,0.0,0.0,0.0,AJK_RELIFE
2024-04-01,AJK_Relife_7,0.0,0.0,0.0,0.0,0.0,AJK_RELIFE
2024-05-01,AJK_Relife_7,0.0,0.0,0.0,0.0,0.0,AJK_RELIFE
2024-06-01,AJK_Relife_7,0.0,0.0,0.0,0.0,0.0,AJK_RELIFE
2024-07-01,AJK_Relife_7,0.0,0.0,0.0,0.0,0.0,AJK_RELIFE
2024-08-01,AJK_Relife_7,0.0,0.0,0.0,0.0,0.0,AJK_RELIFE
2024-09-01,AJK_Relife_7,0.0,0.0,0.0,0.0,0.0,AJK_RELIFE
2023-12-01,ASURANSI Q-INVESTA LINK DOLLAR_2019,0.0,20449633.22574629,-440469447.1664945,-35846451.81108085,1003716849.475,SPUL
2024-01-01,ASURANSI Q-INVESTA LINK DOLLAR_2019,0.0,17114053.32915739,68345976.7852703,-13027365.160146367,1076149514.4292812,SPUL
2024-02-01,ASURANSI Q-INVESTA LINK DOLLAR_2019,0.0,16365490.267977744,75835403.88349175,-13813694.271772126,1154536714.3089788,SPUL
2024-03-01,ASURANSI Q-INVESTA LINK DOLLAR_2019,429040.5431826629,13609938.17194108,54302846.34647714,-14280750.241100142,1208597789.1294794,SPUL
2024-04-01,ASURANSI Q-INVESTA LINK DOLLAR_2019,0.0,3176052.5989922974,-75836127.94864535,-12956073.738410844,1122981640.0414157,SPUL
2024-05-01,ASURANSI Q-INVESTA LINK DOLLAR_2019,0.0,7400059.618004595,-16908053.876638316,-12418411.765547728,1101055234.017234,SPUL
2024-06-01,ASURANSI Q-INVESTA LINK DOLLAR_2019,0.0,17162190.946879536,76321422.11502312,-13216884.092998149,1181321962.9861386,SPUL
2024-07-01,ASURANSI Q-INVESTA LINK DOLLAR_2019,0.0,23895541.809798345,134788492.04723054,-14857174.539066268,1325148822.3041012,SPUL
2024-08-01,ASURANSI Q-INVESTA LINK DOLLAR_2019,0.0,895324.233699031,-146533939.2551572,-12603893.226447795,1166906314.0561953,SPUL
2024-09-01,ASURANSI Q-INVESTA LINK DOLLAR_2019,0.0,10966507.328879321,25161105.96003013,-12665319.57810763,1190368607.766997,SPUL
2023-12-01,ASURANSI Q-INVESTA LINK DOLLAR_2020,0.0,26241038.646744244,-405124079.8809273,-44284841.59941094,1251958495.843,SPUL
2024-01-01,ASURANSI Q-INVESTA LINK DOLLAR_2020,0.0,19875012.328121215,33758579.06712292,-15539014.842292463,1290053072.3959515,SPUL
2024-02-01,ASURANSI Q-INVESTA LINK DOLLAR_2020,0.0,20645493.177202027,70551060.97440013,-16251804.864786126,1364997821.6827676,SPUL
2024-03-01,ASURANSI Q-INVESTA LINK DOLLAR_2020,0.0,18136092.80331186,66677247.14801997,-16847543.791711617,1432963617.842388,SPUL
2024-04-01,ASURANSI Q-INVESTA LINK DOLLAR_2020,0.0,6179660.105195322,-41375676.67133379,-15908405.585914135,1381859195.6903353,SPUL
2024-05-01,ASURANSI Q-INVESTA LINK DOLLAR_2020,0.0,5771370.49394583,-33063774.837657675,-15101241.290353976,1339465550.0562694,SPUL
2024-06-01,ASURANSI Q-INVESTA LINK DOLLAR_2020,0.0,19953356.707927387,76065177.22783385,-15830816.156624526,1419653267.835406,SPUL
2024-07-01,ASURANSI Q-INVESTA LINK DOLLAR_2020,0.0,27664212.46351068,114107925.69184022,-17108980.592160698,1544316425.3985963,SPUL
2024-08-01,ASURANSI Q-INVESTA LINK DOLLAR_2020,0.0,3275601.422722332,-159331672.43114713,-14636153.281093448,1373624201.109078,SPUL
2024-09-01,ASURANSI Q-INVESTA LINK DOLLAR_2020,0.0,12598063.295587152,20462112.79690495,-14584685.571331484,1392099691.6302385,SPUL
2023-12-01,ASURANSI Q-INVESTA LINK DOLLAR_2021,0.0,19058289.737145055,-398809505.7767645,-36536455.60303682,1046225584.818,SPUL
2024-01-01,ASURANSI Q-INVESTA LINK DOLLAR_2021,0.0,17871669.824163705,40327164.281811565,-12472049.925533751,1091952368.9984415,SPUL
2024-02-01,ASURANSI Q-INVESTA LINK DOLLAR_2021,0.0,14597349.105175799,35670669.521179125,-12669512.675523613,1129550874.9492729,SPUL
2024-03-01,ASURANSI Q-INVESTA LINK DOLLAR_2021,0.0,11356828.195233969,24787339.451612376,-12712602.835036987,1152982439.7610822,SPUL
2024-04-01,ASURANSI Q-INVESTA LINK DOLLAR_2021,0.0,2759590.4277406135,-49465504.1967656,-11793392.157616245,1094483133.834441,SPUL
2024-05-01,ASURANSI Q-INVESTA LINK DOLLAR_2021,0.0,7489463.194232538,-3580734.8104308145,-11485497.556728639,1086906364.661514,SPUL
2024-06-01,ASURANSI Q-INVESTA LINK DOLLAR_2021,0.0,16848889.042390846,68596687.89087172,-12113793.224388987,1160238148.3703876,SPUL
2024-07-01,ASURANSI Q-INVESTA LINK DOLLAR_2021,0.0,24199469.71870775,89768277.1056728,-13052916.275917197,1261152978.918851,SPUL
2024-08-01,ASURANSI Q-INVESTA LINK DOLLAR_2021,0.0,1742673.0644940152,-58664987.35514928,-12004991.67568835,1192225672.9525073,SPUL
2024-09-01,ASURANSI Q-INVESTA LINK DOLLAR_2021,0.0,10198029.349769536,-483592.0892737352,-11756578.840443047,1190183531.37256,SPUL
2023-12-01,ASURANSI Q-INVESTA LINK DOLLAR_2022,19895749.88907045,79724515.75940104,-138123201.43583632,-134613374.99543107,3689601007.496,SPUL
2024-01-01,ASURANSI Q-INVESTA LINK DOLLAR_2022,0.0,59687937.024356484,30892306.541565366,-47131240.194593534,3733050010.867328,SPUL
2024-02-01,ASURANSI Q-INVESTA LINK DOLLAR_2022,0.0,56999584.083685905,250611322.92561385,-49913710.07766312,3990747207.7989645,SPUL
2024-03-01,ASURANSI Q-INVESTA LINK DOLLAR_2022,0.0,61454996.36471303,195800822.28161752,-51619471.54479502,4196383554.9005003,SPUL
2024-04-01,ASURANSI Q-INVESTA LINK DOLLAR_2022,0.0,15716028.42478512,-120050882.30214101,-48678379.69479926,4043370321.3283453,SPUL
2024-05-01,ASURANSI Q-INVESTA LINK DOLLAR_2022,0.0,16635054.105372107,-66419012.74273865,-46622025.06407208,3946964337.6269064,SPUL
2024-06-01,ASURANSI Q-INVESTA LINK DOLLAR_2022,0.0,51304165.79429065,194710676.788223,-48397037.66251527,4144582142.5469046,SPUL
2024-07-01,ASURANSI Q-INVESTA LINK DOLLAR_2022,0.0,85579173.08513035,133688563.45800695,-49383792.50103566,4314466086.589006,SPUL
2024-08-01,ASURANSI Q-INVESTA LINK DOLLAR_2022,0.0,7669237.954490472,-158525879.12473038,-46075018.67710292,4117534426.7416635,SPUL
2024-09-01,ASURANSI Q-INVESTA LINK DOLLAR_2022,0.0,32208355.95989318,-30732580.446927994,-44423337.23544853,4074586865.0191803,SPUL
2023-12-01,ASURANSI Q-INVESTA LINK DOLLAR_2023,0.0,35229296.7216755,133800436.93761973,-67396897.28956957,1934137374.98,SPUL
2024-01-01,ASURANSI Q-INVESTA LINK DOLLAR_2023,0.0,32480611.051229544,102836878.20947766,-21483650.003346678,2047971214.2373605,SPUL
2024-02-01,ASURANSI Q-INVESTA LINK DOLLAR_2023,0.0,30498161.146145355,120521633.2426625,-22533102.188397907,2176457906.4377704,SPUL
2024-03-01,ASURANSI Q-INVESTA LINK DOLLAR_2023,0.0,21407145.17016431,70366200.13426165,-22903199.847280577,2245328051.894916,SPUL
2024-04-01,ASURANSI Q-INVESTA LINK DOLLAR_2023,0.0,2654330.0186342383,-94265523.70454657,-21244809.325335097,2132472048.8836684,SPUL
2024-05-01,ASURANSI Q-INVESTA LINK DOLLAR_2023,0.0,16525201.4008901,-51643320.75028675,-20203134.198421206,2077150795.3358507,SPUL
2024-06-01,ASURANSI Q-INVESTA LINK DOLLAR_2023,0.0,31609116.718742743,53027440.98514514,-20398577.87276867,2141388775.1669698,SPUL
2024-07-01,ASURANSI Q-INVESTA LINK DOLLAR_2023,0.0,36888577.676333584,135433218.64887044,-21570127.205955043,2292140444.2862186,SPUL
2024-08-01,ASURANSI Q-INVESTA LINK DOLLAR_2023,0.0,2471909.7727305903,-170850801.26316527,-19164485.948164616,2104597066.8476195,SPUL
2024-09-01,ASURANSI Q-INVESTA LINK DOLLAR_2023,0.0,22420304.111263383,48025226.126993194,-19268193.634401232,2155774403.4514747,SPUL
2024-02-01,ASURANSI Q-INVESTA LINK DOLLAR_2024,85019010.22865349,368679.262203299,-104050.43854657932,-2111530.055094344,83172108.99721587,SPUL_NEW
2024-03-01,ASURANSI Q-INVESTA LINK DOLLAR_2024,22530843.790047515,821256.9702507237,-832166.901697489,-2620851.125746973,103071191.73006964,SPUL_NEW
2024-04-01,ASURANSI Q-INVESTA LINK DOLLAR_2024,24308087.09634044,-83595.93660805764,859391.9735196987,-3175848.5400755433,124979226.32324618,SPUL_NEW
2024-05-01,ASURANSI Q-INVESTA LINK DOLLAR_2024,573384146.727313,7042501.0948620625,-1479069.268015087,-17231517.908649914,686695286.9687562,SPUL_NEW
2024-06-01,ASURANSI Q-INVESTA LINK DOLLAR_2024,1894662570.681757,13788936.756156957,-12650088.509868072,-62960327.569104135,2519536378.3276978,SPUL_NEW
2024-07-01,ASURANSI Q-INVESTA LINK DOLLAR_2024,543360350.358521,12689723.70297977,-13085410.706290256,-74758929.08211268,2987742112.6007957,SPUL_NEW
2024-08-01,ASURANSI Q-INVESTA LINK DOLLAR_2024,0.0,13562704.018337894,-2690013.293490559,-73350583.02043854,2925264220.3052044,SPUL_NEW
2024-09-01,ASURANSI Q-INVESTA LINK DOLLAR_2024,40019233.76928174,31578655.61296627,-23087131.660411876,-72884758.6990525,2900890219.327988,SPUL_NEW
2023-12-01,ASURANSI Q-INVESTA LINK_2019,-263184201.30933148,6035395.759288645,-3455941475.174951,-63242939.39855751,2021496370.6083949,SPUL
2024-01-01,ASURANSI Q-INVESTA LINK_2019,-17986715.627656884,68895096.43406741,887761479.2224789,-22188596.85268978,2937977633.7845945,SPUL
2024-02-01,ASURANSI Q-INVESTA LINK_2019,-663943.7136052956,-60407241.220906615,-747780484.9151845,-15047355.530403433,2114078608.4044948,SPUL
2024-03-01,ASURANSI Q-INVESTA LINK_2019,29361511.94858533,64326803.29205566,789628714.8190303,-20428977.716889303,2976966660.747277,SPUL
2024-04-01,ASURANSI Q-INVESTA LINK_2019,-109335895.07634583,52259524.755135395,-384123916.66203034,-17381381.879166774,2518384991.884869,SPUL
2024-05-01,ASURANSI Q-INVESTA LINK_2019,-20035104.667804535,-55796138.74698517,-185086854.6895328,-15035214.573132938,2242431679.2074137,SPUL
2024-06-01,ASURANSI Q-INVESTA LINK_2019,39851505.3168494,-44829362.467631504,172590001.8347128,-15614448.8106243,2394429375.08072,SPUL
2024-07-01,ASURANSI Q-INVESTA LINK_2019,-7033727.458414549,8241833.453689985,85636375.42092788,-15429064.158275334,2465844792.3386483,SPUL
2024-08-01,ASURANSI Q-INVESTA LINK_2019,0.0,-35713317.27270522,77931341.0767262,-15019023.020466698,2493043793.1222024,SPUL
2024-09-01,ASURANSI Q-INVESTA LINK_2019,191732.02374295145,122846623.95943105,324743029.1763622,-16829507.84230962,2923995670.4394293,SPUL
2023-12-01,ASURANSI Q-INVESTA LINK_2020,-21385554.048722953,-24247603.459134392,-2239123835.8858914,-55973113.270272404,1736020007.3642397,SPUL
2024-01-01,ASURANSI Q-INVESTA LINK_2020,-12351369.802832104,66412207.88140969,699063473.39139,-22526343.409893803,2466617975.4243135,SPUL
2024-02-01,ASURANSI Q-INVESTA LINK_2020,-5399408.354447833,-47103546.33193688,-590558426.6935568,-15537175.376911301,1808019418.667461,SPUL
2024-03-01,ASURANSI Q-INVESTA LINK_2020,0.0,47594593.748297736,840626365.4439816,-22139020.182335462,2674101357.6774044,SPUL
2024-04-01,ASURANSI Q-INVESTA LINK_2020,0.0,43476708.74596589,-170220539.7828366,-20284403.63936448,2527073123.001169,SPUL
2024-05-01,ASURANSI Q-INVESTA LINK_2020,-25049595.50102459,-52592544.6702697,-555385265.7761722,-14602910.236034205,1879442806.817669,SPUL
2024-06-01,ASURANSI Q-INVESTA LINK_2020,41215296.43682768,-28024110.652086336,-42134927.81375786,-13962306.809080714,1836536757.9795716,SPUL
2024-07-01,ASURANSI Q-INVESTA LINK_2020,0.0,3941282.061514495,15848747.25002544,-13501572.76895136,1842825214.52216,SPUL
2024-08-01,ASURANSI Q-INVESTA LINK_2020,0.0,-25525760.463900167,165234825.68215296,-13834629.20779833,1968699650.5326147,SPUL
2024-09-01,ASURANSI Q-INVESTA LINK_2020,0.0,82759898.93323755,441155366.65507114,-17078270.4568841,2475536645.664039,SPUL
2023-12-01,ASURANSI Q-INVESTA LINK_2021,-7953756597.361431,0.0,0.0,0.0,0.0,SPUL
2024-01-01,ASURANSI Q-INVESTA LINK_2021,0.0,0.0,0.0,0.0,0.0,SPUL
2024-02-01,ASURANSI Q-INVESTA LINK_2021,0.0,0.0,0.0,0.0,0.0,SPUL
2024-03-01,ASURANSI Q-INVESTA LINK_2021,1054064193.9775393,65789330.8681525,1542149783.2796295,-21101869.787244074,2640901438.3380775,SPUL
2024-04-01,ASURANSI Q-INVESTA LINK_2021,10236982.31713128,43411147.99548771,-589540674.7853048,-16457004.648844441,2088551889.2165473,SPUL
2024-05-01,ASURANSI Q-INVESTA LINK_2021,101960856.09754078,-19607294.32238634,-820979313.088803,-10261267.429344974,1339664870.4735537,SPUL
2024-06-01,ASURANSI Q-INVESTA LINK_2021,-11878553.43810625,-27064525.590316255,-55895554.214843355,-9229253.320735376,1235596983.9095523,SPUL
2024-07-01,ASURANSI Q-INVESTA LINK_2021,0.0,5824576.056059127,55416779.0757192,-9312368.38137074,1287525970.65996,SPUL
2024-08-01,ASURANSI Q-INVESTA LINK_2021,0.0,-20385473.914279133,203208806.28255445,-10166714.061469562,1460182588.9667659,SPUL
2024-09-01,ASURANSI Q-INVESTA LINK_2021,0.0,79202018.34237804,417231113.9365667,-12684358.974848725,1943931362.2708619,SPUL
2023-12-01,ASURANSI Q-INVESTA LINK_2022,-15782780108.446938,0.0,0.0,0.0,-2.28823509e-07,SPUL
2024-01-01,ASURANSI Q-INVESTA LINK_2022,272392180.90690285,250045216.97455764,4337116168.101439,-38913776.41991537,4820639789.562984,SPUL
2024-02-01,ASURANSI Q-INVESTA LINK_2022,-4820639789.562984,0.0,0.0,0.0,-2.28823509e-07,SPUL
2024-03-01,ASURANSI Q-INVESTA LINK_2022,1425328874.3937628,137331380.78156477,3795651771.0411544,-39424901.63471728,5318887124.581765,SPUL
2024-04-01,ASURANSI Q-INVESTA LINK_2022,-15262751.804821387,76442644.21083193,-1944382096.7568185,-24497922.389882725,3411186997.8410745,SPUL
2024-05-01,ASURANSI Q-INVESTA LINK_2022,-31313858.777537815,-53407408.25355168,-1493077776.0006127,-12917847.015498064,1820470107.7938738,SPUL
2024-06-01,ASURANSI Q-INVESTA LINK_2022,-11846672.679715505,-14065911.536780916,366033320.01557183,-14698850.04644506,2145891993.5465043,SPUL
2024-07-01,ASURANSI Q-INVESTA LINK_2022,22043757.514489498,-2195021.5562226027,419806157.3253246,-16685766.393115595,2568861120.4369802,SPUL
2024-08-01,ASURANSI Q-INVESTA LINK_2022,9435529.908373509,-30568999.714664802,706879059.6469404,-19748200.858649597,3234858509.4189796,SPUL
2024-09-01,ASURANSI Q-INVESTA LINK_2022,-11274652.576585867,197400890.86092016,1278234663.9398377,-26859880.451212823,4672359531.191938,SPUL
2023-12-01,ASURANSI Q-INVESTA LINK_2023,-9461864166.347162,0.0,0.0,0.0,0.0,SPUL
2024-01-01,ASURANSI Q-INVESTA LINK_2023,-1558034646.3609252,116805801.14168815,2744912033.4452977,-10267962.589270376,1293415225.6367903,SPUL
2024-02-01,ASURANSI Q-INVESTA LINK_2023,-1293415225.63679,0.0,0.0,0.0,2.384185791015625e-07,SPUL
2024-03-01,ASURANSI Q-INVESTA LINK_2023,-974213491.4522945,28653970.311180744,2065015916.910962,-7819453.293130702,1111636942.476718,SPUL
2024-04-01,ASURANSI Q-INVESTA LINK_2023,0.0,45781607.85817306,-651766547.2463217,-3200142.8795240307,502451860.2090453,SPUL
2024-05-01,ASURANSI Q-INVESTA LINK_2023,-502451860.2090452,0.0,0.0,0.0,1.1920928955078125e-07,SPUL
2024-06-01,ASURANSI Q-INVESTA LINK_2023,0.0,0.0,0.0,0.0,1.1920928955078125e-07,SPUL
2024-07-01,ASURANSI Q-INVESTA LINK_2023,426018732.72061336,5795183.695058248,25485072.344698794,-3128702.8033683966,454170285.9570021,SPUL
2024-08-01,ASURANSI Q-INVESTA LINK_2023,0.0,-14600963.247174218,84822498.93057051,-3564187.9394278335,520827633.7009706,SPUL
2024-09-01,ASURANSI Q-INVESTA LINK_2023,0.0,38291730.19454688,303202003.0828714,-5295698.978026354,857025668.0003625,SPUL
2024-01-01,ASURANSI Q-INVESTA LINK_2024,10026555.780299662,-475238.111370918,-28619.86183725181,-259836.20053076174,9262861.606560731,SPUL_NEW
2024-02-01,ASURANSI Q-INVESTA LINK_2024,116071297.40103646,506143.8946827409,552562.6159172123,-3191406.351195686,123201459.16700144,SPUL_NEW
2024-03-01,ASURANSI Q-INVESTA LINK_2024,125819594.0839614,2033058.3703401661,-3170398.422010773,-6152719.486615359,241730993.71267688,SPUL_NEW
2024-04-01,ASURANSI Q-INVESTA LINK_2024,129451665.76447819,-1564312.8586429616,-1982893.957643795,-9116266.551519705,358519186.1093486,SPUL_NEW
2024-05-01,ASURANSI Q-INVESTA LINK_2024,257809998.96058986,-11312096.46057313,13297513.519623391,-15149565.056484777,603165037.0725039,SPUL_NEW
2024-06-01,ASURANSI Q-INVESTA LINK_2024,141646878.1723082,-8750093.305222448,21435838.232446596,-18969264.357555084,738528395.8144813,SPUL_NEW
2024-07-01,ASURANSI Q-INVESTA LINK_2024,506035327.4562481,-6254400.43845876,5303769.532366179,-32661992.296510164,1210951100.0681267,SPUL_NEW
2024-08-01,ASURANSI Q-INVESTA LINK_2024,748122121.0726084,-17419398.092398707,16958537.87631895,-51195736.74424371,1907416624.1804113,SPUL_NEW
2024-09-01,ASURANSI Q-INVESTA LINK_2024,1830069021.2783802,110470401.55253844,-72973805.57925083,-101298704.84597969,3673683536.5860996,SPUL_NEW
2023-12-01,ASURANSI STAR INVESTAMA PREMIUM DOLLAR_2019,0.0,0.0,0.0,0.0,0.0,SPUL
2024-01-01,ASURANSI STAR INVESTAMA PREMIUM DOLLAR_2019,344133577.9896584,10464003.125498127,238722481.36368594,-8063638.452277044,585256424.0265654,SPUL
2024-02-01,ASURANSI STAR INVESTAMA PREMIUM DOLLAR_2019,0.0,9449796.580730882,202936330.07483053,-10389465.729106475,787253084.9530203,SPUL
2024-03-01,ASURANSI STAR INVESTAMA PREMIUM DOLLAR_2019,0.0,5541689.9361462025,62223336.98634031,-10783680.973313758,844234430.9021931,SPUL
2024-04-01,ASURANSI STAR INVESTAMA PREMIUM DOLLAR_2019,0.0,-1144587.752077651,-763123590.4234017,-1453501.5512389787,78512751.17547464,SPUL
2024-05-01,ASURANSI STAR INVESTAMA PREMIUM DOLLAR_2019,0.0,5888430.0193411885,126422918.05075927,-3711904.2950795246,207112194.95049557,SPUL
2024-06-01,ASURANSI STAR INVESTAMA PREMIUM DOLLAR_2019,0.0,256318.64897696953,-150470711.94544306,-1455908.8596462966,55441892.7943832,SPUL
2024-07-01,ASURANSI STAR INVESTAMA PREMIUM DOLLAR_2019,0.0,6010390.580235081,151961105.6884982,-3591055.9236726346,209822333.13944384,SPUL
2024-08-01,ASURANSI STAR INVESTAMA PREMIUM DOLLAR_2019,-46012858.6098263,7349525.342892173,80654992.96281633,-3813545.4914307613,248000447.3438953,SPUL
2024-09-01,ASURANSI STAR INVESTAMA PREMIUM DOLLAR_2019,0.0,3400821.669337461,14678204.735828672,-3759518.6994352443,262319955.04962617,SPUL
2023-12-01,ASURANSI STAR INVESTAMA PREMIUM DOLLAR_2020,-2679326025.934757,232249867.8099514,16699001505.72013,-487879236.6274325,13764046111.435999,SPUL
2024-01-01,ASURANSI STAR INVESTAMA PREMIUM DOLLAR_2020,0.0,234383900.6227039,1783680439.9599733,-203652560.70796403,15578457891.310713,SPUL
2024-02-01,ASURANSI STAR INVESTAMA PREMIUM DOLLAR_2020,-199873390.5742015,213229627.2023081,942916935.8526008,-203444361.9417523,16331286701.849667,SPUL
2024-03-01,ASURANSI STAR INVESTAMA PREMIUM DOLLAR_2020,0.0,120258154.67255242,431608431.1947097,-201964274.22298697,16681189013.493942,SPUL
2024-04-01,ASURANSI STAR INVESTAMA PREMIUM DOLLAR_2020,0.0,-41918388.31720982,-6106974014.262798,-121333262.93339756,10410963347.980537,SPUL
2024-05-01,ASURANSI STAR INVESTAMA PREMIUM DOLLAR_2020,0.0,159899165.13494968,339998303.19278836,-158779950.265113,10752080866.043161,SPUL
2024-06-01,ASURANSI STAR INVESTAMA PREMIUM DOLLAR_2020,-164345437.95571595,289580884.92015153,2459333408.3714876,-187043715.7949737,13149606005.58411,SPUL
2024-07-01,ASURANSI STAR INVESTAMA PREMIUM DOLLAR_2020,0.0,156940930.81710157,1316735172.1133382,-197729929.49062002,14425552179.023932,SPUL
2024-08-01,ASURANSI STAR INVESTAMA PREMIUM DOLLAR_2020,0.0,225723781.79725176,882066020.2934983,-201536877.69573334,15331805103.418947,SPUL
2024-09-01,ASURANSI STAR INVESTAMA PREMIUM DOLLAR_2020,0.0,211959498.44787702,803909820.3422422,-203558746.83874065,16144115675.370327,SPUL
2023-12-01,ASURANSI STAR INVESTAMA PREMIUM DOLLAR_2021,0.0,2566517.220828115,-203879004.83036157,-4415940.238731878,126870038.24130002,SPUL
2024-01-01,ASURANSI STAR INVESTAMA PREMIUM DOLLAR_2021,0.0,2632056.4528832887,44743061.94056715,-2251108.0718915174,171994048.56285894,SPUL
2024-02-01,ASURANSI STAR INVESTAMA PREMIUM DOLLAR_2021,0.0,1909218.3116089718,-20928284.17310174,-1907291.6126173567,151067691.0887488,SPUL
2024-03-01,ASURANSI STAR INVESTAMA PREMIUM DOLLAR_2021,-4547001.435251175,1533584.7684491288,9626958.449703142,-1829777.7794090756,155851455.09224084,SPUL
2024-04-01,ASURANSI STAR INVESTAMA PREMIUM DOLLAR_2021,0.0,-120937.29417741396,-124105337.054759,-353146.5960145375,31272034.147289872,SPUL
2024-05-01,ASURANSI STAR INVESTAMA PREMIUM DOLLAR_2021,0.0,348067.07876483817,-22751715.502247136,-123935.4392785767,8744450.284529,SPUL
2024-06-01,ASURANSI STAR INVESTAMA PREMIUM DOLLAR_2021,0.0,961090.1018419531,43896202.858208805,-730222.9105041341,52871520.33407563,SPUL
2024-07-01,ASURANSI STAR INVESTAMA PREMIUM DOLLAR_2021,0.0,2076067.3684281483,50218205.7952537,-1387862.1597422534,103777931.33801523,SPUL
2024-08-01,ASURANSI STAR INVESTAMA PREMIUM DOLLAR_2021,0.0,655092.1982156767,-17007904.336708035,-1102127.4625849808,86322991.73693788,SPUL
2024-09-01,ASURANSI STAR INVESTAMA PREMIUM DOLLAR_2021,0.0,1378734.1833460436,35760265.64821179,-1498863.6753609576,121963127.89313477,SPUL
2023-12-01,ASURANSI STAR INVESTAMA PREMIUM DOLLAR_2022,0.0,30221103.53029849,-2129684582.4151022,-47300928.37400383,1346701621.3037,SPUL
2024-01-01,ASURANSI STAR INVESTAMA PREMIUM DOLLAR_2022,0.0,27798449.727494746,473418345.97620374,-25931600.000489935,1821986817.0069084,SPUL
2024-02-01,ASURANSI STAR INVESTAMA PREMIUM DOLLAR_2022,0.0,31328838.357187316,380721555.71083534,-30465405.01528118,2203571806.05965,SPUL
2024-03-01,ASURANSI STAR INVESTAMA PREMIUM DOLLAR_2022,0.0,24471851.081679165,173173943.7150321,-31748135.335172504,2369469465.5211887,SPUL
2024-04-01,ASURANSI STAR INVESTAMA PREMIUM DOLLAR_2022,0.0,1657265.5583555324,-1268968092.5526128,-13923056.841768246,1088235581.6851633,SPUL
2024-05-01,ASURANSI STAR INVESTAMA PREMIUM DOLLAR_2022,0.0,2384629.507004109,-46065028.20775923,-16759434.651951991,1027795748.3324561,SPUL
2024-06-01,ASURANSI STAR INVESTAMA PREMIUM DOLLAR_2022,0.0,38038673.62746362,700619500.1929026,-27681987.60768042,1738771934.545142,SPUL
2024-07-01,ASURANSI STAR INVESTAMA PREMIUM DOLLAR_2022,0.0,26305767.715551786,226390488.725926,-30110799.11942236,1961357391.8671973,SPUL
2024-08-01,ASURANSI STAR INVESTAMA PREMIUM DOLLAR_2022,0.0,35246226.50384125,381406532.46428114,-34738907.270171575,2343271243.5651484,SPUL
2024-09-01,ASURANSI STAR INVESTAMA PREMIUM DOLLAR_2022,0.0,31748374.820024088,292569453.4945307,-37583758.46355947,2630005313.4161434,SPUL
2023-12-01,ASURANSI STAR INVESTAMA PREMIUM DOLLAR_2023,0.0,60076106.00665814,-3100615540.746357,-128854440.15426579,3553950241.6019998,SPUL
2024-01-01,ASURANSI STAR INVESTAMA PREMIUM DOLLAR_2023,0.0,73605005.4187734,1078310253.9561203,-62893791.59233426,4642971709.38456,SPUL
2024-02-01,ASURANSI STAR INVESTAMA PREMIUM DOLLAR_2023,0.0,69875403.21272074,735977496.8069378,-71201998.2980525,5377622611.106165,SPUL
2024-03-01,ASURANSI STAR INVESTAMA PREMIUM DOLLAR_2023,0.0,15644730.43371231,-2163037298.2609634,-38991035.21976529,3191239008.059149,SPUL
2024-04-01,ASURANSI STAR INVESTAMA PREMIUM DOLLAR_2023,0.0,-8001472.996413578,-2172879855.895635,-11703390.871171571,998654288.2959285,SPUL
2024-05-01,ASURANSI STAR INVESTAMA PREMIUM DOLLAR_2023,0.0,12951751.326122785,251791364.68479288,-18518720.815338522,1244878683.4915056,SPUL
2024-06-01,ASURANSI STAR INVESTAMA PREMIUM DOLLAR_2023,0.0,56145420.847773865,965347234.0451925,-32419285.427137136,2233952052.957335,SPUL
2024-07-01,ASURANSI STAR INVESTAMA PREMIUM DOLLAR_2023,0.0,12985420.104815565,65265389.27169221,-31715726.890416965,2280487135.443426,SPUL
2024-08-01,ASURANSI STAR INVESTAMA PREMIUM DOLLAR_2023,0.0,34435757.845516995,386141925.9730506,-35718968.24710224,2665345851.014891,SPUL
2024-09-01,ASURANSI STAR INVESTAMA PREMIUM DOLLAR_2023,0.0,47483294.733953305,505443624.04187685,-41108968.91749915,3177163800.8732224,SPUL
2024-03-01,ASURANSI STAR INVESTAMA PREMIUM DOLLAR_2024,34946602.45657413,264158.9705893817,-7971.729348920286,-879842.7394473508,34322946.95836724,SPUL_NEW
2024-04-01,ASURANSI STAR INVESTAMA PREMIUM DOLLAR_2024,0.0,-69330.46879683304,56299.25626229774,-855670.7668396119,33454244.978993095,SPUL_NEW
2024-05-01,ASURANSI STAR INVESTAMA PREMIUM DOLLAR_2024,0.0,219668.033351662,-428963.5597819993,-828223.4636204763,32416725.98894228,SPUL_NEW
2024-06-01,ASURANSI STAR INVESTAMA PREMIUM DOLLAR_2024,0.0,510060.5533086434,-982272.5077150016,-795627.480751422,31148886.5537845,SPUL_NEW
2024-07-01,ASURANSI STAR INVESTAMA PREMIUM DOLLAR_2024,0.0,647586.0110922332,-1345212.1796533307,-758706.5545310915,29692553.830692314,SPUL_NEW
2024-08-01,ASURANSI STAR INVESTAMA PREMIUM DOLLAR_2024,0.0,169060.89828348893,-543637.2849801229,-731085.1713487739,28586892.272646904,SPUL_NEW
2024-09-01,ASURANSI STAR INVESTAMA PREMIUM DOLLAR_2024,146908357.48258495,3480557.590154583,-863730.4887569357,-4796108.3730802685,173315968.48354924,SPUL_NEW
2023-12-01,ASURANSI STAR INVESTAMA PREMIUM_2019,0.0,0.0,0.0,0.0,0.0,SPUL
2024-01-01,ASURANSI STAR INVESTAMA PREMIUM_2019,0.0,0.0,0.0,0.0,0.0,SPUL
2024-02-01,ASURANSI STAR INVESTAMA PREMIUM_2019,0.0,0.0,0.0,0.0,0.0,SPUL
2024-03-01,ASURANSI STAR INVESTAMA PREMIUM_2019,0.0,0.0,0.0,0.0,0.0,SPUL
2024-04-01,ASURANSI STAR INVESTAMA PREMIUM_2019,0.0,0.0,0.0,0.0,0.0,SPUL
2024-05-01,ASURANSI STAR INVESTAMA PREMIUM_2019,0.0,0.0,0.0,0.0,0.0,SPUL
2024-06-01,ASURANSI STAR INVESTAMA PREMIUM_2019,0.0,0.0,0.0,0.0,0.0,SPUL
2024-07-01,ASURANSI STAR INVESTAMA PREMIUM_2019,0.0,0.0,0.0,0.0,0.0,SPUL
2024-08-01,ASURANSI STAR INVESTAMA PREMIUM_2019,0.0,0.0,0.0,0.0,0.0,SPUL
2024-09-01,ASURANSI STAR INVESTAMA PREMIUM_2019,0.0,0.0,0.0,0.0,0.0,SPUL
2023-12-01,ASURANSI STAR INVESTAMA PREMIUM_2020,-11358071.334000364,8089397.126380373,-2872181375.6612787,-14238168.511706902,449359800.52331525,SPUL
2024-01-01,ASURANSI STAR INVESTAMA PREMIUM_2020,-23288365.054789625,13021214.260389179,122158326.68204972,-6233206.124608668,555017770.2863559,SPUL
2024-02-01,ASURANSI STAR INVESTAMA PREMIUM_2020,-9143656.86036366,6289543.910792368,-33853910.50777205,-5457606.110452331,512852140.71856016,SPUL
2024-03-01,ASURANSI STAR INVESTAMA PREMIUM_2020,-9164477.992938384,3967553.5774494507,-239199308.58277994,-2866975.7471092213,265588931.97318208,SPUL
2024-04-01,ASURANSI STAR INVESTAMA PREMIUM_2020,0.0,1470099.9588492818,-197573602.28623387,-1241516.7972159262,68243912.84858155,SPUL
2024-05-01,ASURANSI STAR INVESTAMA PREMIUM_2020,-68243912.88067894,0.0,0.0,0.0,-0.03209739923477173,SPUL
2024-06-01,ASURANSI STAR INVESTAMA PREMIUM_2020,0.0,0.0,0.0,0.0,-0.03209739923477173,SPUL
2024-07-01,ASURANSI STAR INVESTAMA PREMIUM_2020,0.0,0.0,0.0,0.0,-0.03209739923477173,SPUL
2024-08-01,ASURANSI STAR INVESTAMA PREMIUM_2020,0.0,0.0,0.0,0.0,-0.03209739923477173,SPUL
2024-09-01,ASURANSI STAR INVESTAMA PREMIUM_2020,0.0,0.0,0.0,0.0,-0.03209739923477173,SPUL
2023-12-01,ASURANSI STAR INVESTAMA PREMIUM_2021,0.0,0.0,0.0,0.0,0.0,SPUL
2024-01-01,ASURANSI STAR INVESTAMA PREMIUM_2021,1637086235.0753608,128660952.90743499,847261622.7350224,-46968467.21197432,2566040343.505844,SPUL
2024-02-01,ASURANSI STAR INVESTAMA PREMIUM_2021,-2566040343.505843,0.0,0.0,0.0,9.5367431640625e-07,SPUL
2024-03-01,ASURANSI STAR INVESTAMA PREMIUM_2021,0.0,0.0,0.0,0.0,9.5367431640625e-07,SPUL
2024-04-01,ASURANSI STAR INVESTAMA PREMIUM_2021,0.0,0.0,0.0,0.0,9.5367431640625e-07,SPUL
2024-05-01,ASURANSI STAR INVESTAMA PREMIUM_2021,0.0,0.0,0.0,0.0,9.5367431640625e-07,SPUL
2024-06-01,ASURANSI STAR INVESTAMA PREMIUM_2021,0.0,0.0,0.0,0.0,9.5367431640625e-07,SPUL
2024-07-01,ASURANSI STAR INVESTAMA PREMIUM_2021,0.0,0.0,0.0,0.0,9.5367431640625e-07,SPUL
2024-08-01,ASURANSI STAR INVESTAMA PREMIUM_2021,-2811966873.6265535,96018293.17376086,3531288281.89104,-22217292.108599123,793122409.3296491,SPUL
2024-09-01,ASURANSI STAR INVESTAMA PREMIUM_2021,-1537494.3848961026,58709863.64317692,2676116580.083054,-52509471.61882802,3473901887.052156,SPUL
2023-12-01,ASURANSI STAR INVESTAMA PREMIUM_2022,-5389013313.797365,-1.607082235840427e-09,1253865.5830622502,-1253865.5830622483,-8.350572931999999e-07,SPUL
2024-01-01,ASURANSI STAR INVESTAMA PREMIUM_2022,4583136965.335273,87326840.08966891,2000335070.8490694,-64252693.35423118,6606546182.91978,SPUL
2024-02-01,ASURANSI STAR INVESTAMA PREMIUM_2022,-136526801.70744336,29725118.77744868,-5019793649.203912,-15824536.174621476,1464126314.6112518,SPUL
2024-03-01,ASURANSI STAR INVESTAMA PREMIUM_2022,-114121949.8277036,12041443.335655043,-579739476.9537356,-9101696.948369183,773204634.2170987,SPUL
2024-04-01,ASURANSI STAR INVESTAMA PREMIUM_2022,-773204634.2170986,0.0,0.0,0.0,1.1861702320625013e-07,SPUL
2024-05-01,ASURANSI STAR INVESTAMA PREMIUM_2022,0.0,0.0,0.0,0.0,1.1861702320625013e-07,SPUL
2024-06-01,ASURANSI STAR INVESTAMA PREMIUM_2022,0.0,0.0,0.0,0.0,1.1861702320625013e-07,SPUL
2024-07-01,ASURANSI STAR INVESTAMA PREMIUM_2022,0.0,0.0,0.0,0.0,1.1861702320625013e-07,SPUL
2024-08-01,ASURANSI STAR INVESTAMA PREMIUM_2022,-1515698653.2375903,16547802.044491865,1592065905.8137796,-3056396.8797446713,89858657.74093649,SPUL
2024-09-01,ASURANSI STAR INVESTAMA PREMIUM_2022,-76021240.26212078,58365772.76607132,2981812446.347726,-25390830.97824525,3028624805.6143675,SPUL
2023-12-01,ASURANSI STAR INVESTAMA PREMIUM_2023,-8550933430.722221,0.0,0.0,0.0,0.0,SPUL
2024-01-01,ASURANSI STAR INVESTAMA PREMIUM_2023,-1981882588.1163008,-6902061.196446296,664051035.0746878,12660157.987330554,-1312073456.2507286,SPUL
2024-02-01,ASURANSI STAR INVESTAMA PREMIUM_2023,1312073456.2507288,0.0,0.0,0.0,2.384185791015625e-07,SPUL
2024-03-01,ASURANSI STAR INVESTAMA PREMIUM_2023,0.0,0.0,0.0,0.0,2.384185791015625e-07,SPUL
2024-04-01,ASURANSI STAR INVESTAMA PREMIUM_2023,0.0,0.0,0.0,0.0,2.384185791015625e-07,SPUL
2024-05-01,ASURANSI STAR INVESTAMA PREMIUM_2023,0.0,0.0,0.0,0.0,2.384185791015625e-07,SPUL
2024-06-01,ASURANSI STAR INVESTAMA PREMIUM_2023,0.0,0.0,0.0,0.0,2.384185791015625e-07,SPUL
2024-07-01,ASURANSI STAR INVESTAMA PREMIUM_2023,0.0,0.0,0.0,0.0,2.384185791015625e-07,SPUL
2024-08-01,ASURANSI STAR INVESTAMA PREMIUM_2023,0.0,0.0,0.0,0.0,2.384185791015625e-07,SPUL
2024-09-01,ASURANSI STAR INVESTAMA PREMIUM_2023,-613095193.5362656,43858420.76601145,1422477404.71681,-6369997.93730386,846870634.0092522,SPUL
2024-01-01,ASURANSI STAR INVESTAMA PREMIUM_2024,28155349.25811816,121401.51820099234,-64461.575638445676,-789208.6943481382,27423080.50633257,SPUL_NEW
2024-02-01,ASURANSI STAR INVESTAMA PREMIUM_2024,11363072.421179205,184780.42453862814,-73117.80654232515,-1059066.7802963667,37838748.76521171,SPUL_NEW
2024-03-01,ASURANSI STAR INVESTAMA PREMIUM_2024,310995535.1513058,2286227.8658601544,-670032.8028522924,-9332108.78791729,341118370.1916081,SPUL_NEW
2024-04-01,ASURANSI STAR INVESTAMA PREMIUM_2024,25037816.631062277,1314491.1393987397,-259960.52765597956,-9738078.79178947,357472638.64262366,SPUL_NEW
2024-05-01,ASURANSI STAR INVESTAMA PREMIUM_2024,38643521.34328537,-2237814.0578909027,3295087.512940765,-10646008.319451056,386527425.1215078,SPUL_NEW
2024-06-01,ASURANSI STAR INVESTAMA PREMIUM_2024,69888480.70841981,2421124.9512374974,-3325562.1483499915,-12155230.183442852,443356238.4493723,SPUL_NEW
2024-07-01,ASURANSI STAR INVESTAMA PREMIUM_2024,544280261.4086335,3194273.5278940075,-3641893.51595372,-25153504.57995748,962035375.2899885,SPUL_NEW
2024-08-01,ASURANSI STAR INVESTAMA PREMIUM_2024,421385176.4980667,13342802.058918986,-11885080.193721572,-35458452.25346697,1349419821.3997858,SPUL_NEW
2024-09-01,ASURANSI STAR INVESTAMA PREMIUM_2024,703861852.8361762,18604303.795242872,-26975503.3983828,-53585863.10676314,1991324611.526059,SPUL_NEW
2023-12-01,ASURANSI STAR PREMIUM DOLLAR_2020,0.0,651475.9256858337,-37445426.44573151,-2858141.492468278,84622121.79626,SPUL
2024-01-01,ASURANSI STAR PREMIUM DOLLAR_2020,0.0,625756.8653387192,581024.3312573034,-1052855.9130648938,84776047.07979113,SPUL
2024-02-01,ASURANSI STAR PREMIUM DOLLAR_2020,0.0,392279.1341251845,-14534485.003447784,-838046.7532302104,69795794.45723832,SPUL
2024-03-01,ASURANSI STAR PREMIUM DOLLAR_2020,0.0,131145.82845515755,-8144156.613416872,-709958.9605948437,61072824.71168176,SPUL
2024-04-01,ASURANSI STAR PREMIUM DOLLAR_2020,0.0,896782.6734040335,35645790.74716762,-1081279.017925035,96534119.11432838,SPUL
2024-05-01,ASURANSI STAR PREMIUM DOLLAR_2020,0.0,436904.93004046736,-2901862.842882664,-805855.1369106576,93263306.06457552,SPUL
2024-06-01,ASURANSI STAR PREMIUM DOLLAR_2020,0.0,1179262.5688157731,9655423.511525711,-878347.8645476911,103219644.28036931,SPUL
2024-07-01,ASURANSI STAR PREMIUM DOLLAR_2020,0.0,915127.3049984722,-4248126.33132203,-826175.9325816665,99060469.32146409,SPUL
2024-08-01,ASURANSI STAR PREMIUM DOLLAR_2020,0.0,783369.6926374006,-2622376.712151014,-783645.1604663383,96437817.14148414,SPUL
2024-09-01,ASURANSI STAR PREMIUM DOLLAR_2020,0.0,704185.2132996661,-1084957.6342725211,-758490.8494937619,95298553.87101753,SPUL
2023-12-01,ASURANSI STAR PREMIUM DOLLAR_2021,0.0,0.0,0.0,0.0,0.0,SPUL
2024-01-01,ASURANSI STAR PREMIUM DOLLAR_2021,-16024366.840747343,7778191.05046601,-15452157.20882082,215882.10335911595,-23482450.89574304,SPUL
2024-02-01,ASURANSI STAR PREMIUM DOLLAR_2021,-61756495.472928226,6229141.672926776,-107524178.70512216,2137015.3136055893,-184396968.08726108,SPUL
2024-03-01,ASURANSI STAR PREMIUM DOLLAR_2021,184396968.08726102,0.0,0.0,0.0,-5.960464477539063e-08,SPUL
2024-04-01,ASURANSI STAR PREMIUM DOLLAR_2021,-509412698.5004453,11635041.078256609,981112785.3349729,-5338137.522037742,477996990.39074636,SPUL
2024-05-01,ASURANSI STAR PREMIUM DOLLAR_2021,-33519777.808484107,8410948.88283734,-32343449.8010573,-3600485.7385197524,416944225.92552257,SPUL
2024-06-01,ASURANSI STAR PREMIUM DOLLAR_2021,-29117561.050578356,11151837.655697888,230615315.94233277,-5255581.783935265,624338236.6890396,SPUL
2024-07-01,ASURANSI STAR PREMIUM DOLLAR_2021,-5648504.756582611,4270620.011319514,-151451313.67542893,-3853363.2457529465,467655675.0225946,SPUL
2024-08-01,ASURANSI STAR PREMIUM DOLLAR_2021,-15418371.5124212,9690080.819934167,104380906.39536944,-4523163.959140107,561785126.7663369,SPUL
2024-09-01,ASURANSI STAR PREMIUM DOLLAR_2021,-75050713.3295474,15238125.455912363,-37405224.95842632,-3598892.425525977,460968421.5087496,SPUL
2023-12-01,ASURANSI STAR PREMIUM DOLLAR_2022,-292760254.3804929,32172684.97001065,-4818332253.348597,-58535021.87061838,1710417391.212265,SPUL
2024-01-01,ASURANSI STAR PREMIUM DOLLAR_2022,-150942493.38693893,22646945.968181036,-36248179.91549203,-19867288.214706995,1526006375.6633081,SPUL
2024-02-01,ASURANSI STAR PREMIUM DOLLAR_2022,-88912106.90067127,14237002.849538036,-319823241.0381467,-13906159.748059317,1117601870.8259687,SPUL
2024-03-01,ASURANSI STAR PREMIUM DOLLAR_2022,-201752065.205742,17220164.85167746,-852592190.7998556,-227527.07436291894,80250252.59768581,SPUL
2024-04-01,ASURANSI STAR PREMIUM DOLLAR_2022,-51795388.069836356,27246953.440775964,3425734806.31346,-40960925.04237872,3440475699.2397065,SPUL
2024-05-01,ASURANSI STAR PREMIUM DOLLAR_2022,-250089577.1691945,49311359.98407892,-172875206.6533839,-27704222.60360097,3039118052.797606,SPUL
2024-06-01,ASURANSI STAR PREMIUM DOLLAR_2022,-76312552.50637864,53518346.69061762,907170898.7364713,-34937063.06110541,3888557682.657211,SPUL
2024-07-01,ASURANSI STAR PREMIUM DOLLAR_2022,-77403431.61535051,31268543.945963144,-592418131.1707836,-28129115.999743637,3221875547.817296,SPUL
2024-08-01,ASURANSI STAR PREMIUM DOLLAR_2022,-176702006.06723964,65018534.82647336,544360963.5960842,-30959053.308073226,3623593986.864541,SPUL
2024-09-01,ASURANSI STAR PREMIUM DOLLAR_2022,-101610546.83750844,42086245.6732159,-54993259.79271301,-28970152.683750793,3480106273.2237844,SPUL
2023-12-01,ASURANSI STAR PREMIUM DOLLAR_2023,-890399331.2287743,54484958.512951486,-3934508812.625285,-54906827.04538209,1624087235.26706,SPUL
2024-01-01,ASURANSI STAR PREMIUM DOLLAR_2023,-560864525.7077183,37301922.71594249,-282974034.11413634,-9421044.834748354,808129553.3263996,SPUL
2024-02-01,ASURANSI STAR PREMIUM DOLLAR_2023,-300351575.0395664,18984776.152134944,-392648394.53448546,-993623.2736537168,133120736.63082886,SPUL
2024-03-01,ASURANSI STAR PREMIUM DOLLAR_2023,-133120736.63641718,0.0,0.0,0.0,-0.0055882930755615234,SPUL
2024-04-01,ASURANSI STAR PREMIUM DOLLAR_2023,-833140275.7146413,11540061.570104772,2566909605.231315,-18864504.70764353,1726444886.3735468,SPUL
2024-05-01,ASURANSI STAR PREMIUM DOLLAR_2023,-3681208.478206134,15659929.406489654,-44267632.890559986,-14079582.218440533,1680076392.1928298,SPUL
2024-06-01,ASURANSI STAR PREMIUM DOLLAR_2023,-165947752.28289318,43456642.94542136,926871508.4917443,-20316134.457545545,2464140656.889557,SPUL
2024-07-01,ASURANSI STAR PREMIUM DOLLAR_2023,-49891043.72843543,17879633.122045983,-213643147.44352305,-17693520.924928993,2200792577.9147153,SPUL
2024-08-01,ASURANSI STAR PREMIUM DOLLAR_2023,-20760036.17402689,33801835.71277325,360474547.25976145,-20147565.118783623,2554161359.5944395,SPUL
2024-09-01,ASURANSI STAR PREMIUM DOLLAR_2023,-43299885.49678668,27949832.59821864,184815373.7775147,-20925079.30308028,2702701601.170306,SPUL
2023-12-01,ASURANSI STAR PRIMA LINK_2023,0.0,0.0,0.0,0.0,0.0,RPUL
2024-01-01,ASURANSI STAR PRIMA LINK_2023,0.0,0.0,0.0,0.0,0.0,RPUL
2024-02-01,ASURANSI STAR PRIMA LINK_2023,0.0,0.0,0.0,0.0,0.0,RPUL
2024-03-01,ASURANSI STAR PRIMA LINK_2023,0.0,0.0,0.0,0.0,0.0,RPUL
2024-04-01,ASURANSI STAR PRIMA LINK_2023,0.0,0.0,0.0,0.0,0.0,RPUL
2024-05-01,ASURANSI STAR PRIMA LINK_2023,0.0,0.0,0.0,0.0,0.0,RPUL
2024-06-01,ASURANSI STAR PRIMA LINK_2023,0.0,0.0,0.0,0.0,0.0,RPUL
2024-07-01,ASURANSI STAR PRIMA LINK_2023,0.0,0.0,0.0,0.0,0.0,RPUL
2024-08-01,ASURANSI STAR PRIMA LINK_2023,0.0,0.0,0.0,0.0,0.0,RPUL
2024-09-01,ASURANSI STAR PRIMA LINK_2023,0.0,0.0,0.0,0.0,0.0,RPUL
2024-06-01,ASURANSI STAR PRIMA LINK_2024,375347.7921616687,0.0,-1200.0016529217828,-7971.303318133488,366176.48719061346,RPUL
2024-07-01,ASURANSI STAR PRIMA LINK_2024,0.0,-569.9083141991015,-850.6447552920727,-7740.4913402461,357015.4427808762,RPUL
2024-08-01,ASURANSI STAR PRIMA LINK_2024,276456.4177434307,-3604.253060678394,-54775.063917964435,-12349.290077949103,562743.253467715,RPUL
2024-09-01,ASURANSI STAR PRIMA LINK_2024,6015743.315418699,117856.0673255152,-77535.74053750205,-142580.4724615981,6476226.423212829,RPUL
2023-12-01,DK_10,0.0,0.0,0.0,2.769474594043376e-13,-1.438572e-10,RELIFE
2024-01-01,DK_10,0.0,0.0,0.0,2.769474594043376e-13,-1.4358025254059567e-10,RELIFE
2024-02-01,DK_10,0.0,0.0,0.0,2.769474594043376e-13,-1.4330330508119132e-10,RELIFE
2024-03-01,DK_10,0.0,0.0,0.0,2.7694745940433754e-13,-1.43026357621787e-10,RELIFE
2024-04-01,DK_10,0.0,0.0,0.0,2.769474594043375e-13,-1.4274941016238264e-10,RELIFE
2024-05-01,DK_10,0.0,0.0,0.0,2.7694745940433764e-13,-1.4247246270297832e-10,RELIFE
2024-06-01,DK_10,0.0,0.0,0.0,2.7694745940433764e-13,-1.4219551524357397e-10,RELIFE
2024-07-01,DK_10,0.0,0.0,0.0,2.7694745940433754e-13,-1.4191856778416964e-10,RELIFE
2024-08-01,DK_10,0.0,0.0,0.0,2.7694745940433754e-13,-1.416416203247653e-10,RELIFE
2024-09-01,DK_10,0.0,0.0,0.0,2.7694745940433754e-13,-1.4136467286536097e-10,RELIFE
2023-12-01,DK_11,0.0,0.0,0.0,0.0,0.0,RELIFE
2024-01-01,DK_11,0.0,0.0,0.0,0.0,0.0,RELIFE
2024-02-01,DK_11,0.0,0.0,0.0,0.0,0.0,RELIFE
2024-03-01,DK_11,0.0,0.0,0.0,0.0,0.0,RELIFE
2024-04-01,DK_11,0.0,0.0,0.0,0.0,0.0,RELIFE
2024-05-01,DK_11,0.0,0.0,0.0,0.0,0.0,RELIFE
2024-06-01,DK_11,0.0,0.0,0.0,0.0,0.0,RELIFE
2024-07-01,DK_11,0.0,0.0,0.0,0.0,0.0,RELIFE
2024-08-01,DK_11,0.0,0.0,0.0,0.0,0.0,RELIFE
2024-09-01,DK_11,0.0,0.0,0.0,0.0,0.0,RELIFE
2023-12-01,DK_12,0.0,0.0,0.0,0.0,0.0,RELIFE
2024-01-01,DK_12,0.0,0.0,0.0,0.0,0.0,RELIFE
2024-02-01,DK_12,0.0,0.0,0.0,0.0,0.0,RELIFE
2024-03-01,DK_12,0.0,0.0,0.0,0.0,0.0,RELIFE
2024-04-01,DK_12,0.0,0.0,0.0,0.0,0.0,RELIFE
2024-05-01,DK_12,0.0,0.0,0.0,0.0,0.0,RELIFE
2024-06-01,DK_12,0.0,0.0,0.0,0.0,0.0,RELIFE
2024-07-01,DK_12,0.0,0.0,0.0,0.0,0.0,RELIFE
2024-08-01,DK_12,0.0,0.0,0.0,0.0,0.0,RELIFE
2024-09-01,DK_12,0.0,0.0,0.0,0.0,0.0,RELIFE
2023-12-01,DK_13,0.0,0.0,0.0,0.0,0.0,RELIFE
2024-01-01,DK_13,0.0,0.0,0.0,0.0,0.0,RELIFE
2024-02-01,DK_13,0.0,0.0,0.0,0.0,0.0,RELIFE
2024-03-01,DK_13,0.0,0.0,0.0,0.0,0.0,RELIFE
2024-04-01,DK_13,0.0,0.0,0.0,0.0,0.0,RELIFE
2024-05-01,DK_13,0.0,0.0,0.0,0.0,0.0,RELIFE
2024-06-01,DK_13,0.0,0.0,0.0,0.0,0.0,RELIFE
2024-07-01,DK_13,0.0,0.0,0.0,0.0,0.0,RELIFE
2024-08-01,DK_13,0.0,0.0,0.0,0.0,0.0,RELIFE
2024-09-01,DK_13,0.0,0.0,0.0,0.0,0.0,RELIFE
2023-12-01,DK_14,0.0,0.0,0.0,0.0,0.0,RELIFE
2024-01-01,DK_14,0.0,0.0,0.0,0.0,0.0,RELIFE
2024-02-01,DK_14,0.0,0.0,0.0,0.0,0.0,RELIFE
2024-03-01,DK_14,0.0,0.0,0.0,0.0,0.0,RELIFE
2024-04-01,DK_14,0.0,0.0,0.0,0.0,0.0,RELIFE
2024-05-01,DK_14,0.0,0.0,0.0,0.0,0.0,RELIFE
2024-06-01,DK_14,0.0,0.0,0.0,0.0,0.0,RELIFE
2024-07-01,DK_14,0.0,0.0,0.0,0.0,0.0,RELIFE
2024-08-01,DK_14,0.0,0.0,0.0,0.0,0.0,RELIFE
2024-09-01,DK_14,0.0,0.0,0.0,0.0,0.0,RELIFE
2023-12-01,DK_7,26930121.187950894,-13614583.592740623,0.0,13614583.592740623,-1.741404e-10,RELIFE
2024-01-01,DK_7,0.0,0.0,0.0,4.824195630693191e-13,-1.7365798043693068e-10,RELIFE
2024-02-01,DK_7,0.0,0.0,0.0,4.824195630693192e-13,-1.7317556087386137e-10,RELIFE
2024-03-01,DK_7,0.0,0.0,0.0,4.82419563069319e-13,-1.7269314131079205e-10,RELIFE
2024-04-01,DK_7,0.0,0.0,0.0,-1.1484208768106034e-10,-2.875352289918524e-10,RELIFE
2024-05-01,DK_7,0.0,0.0,0.0,7.008389931422717e-13,-2.868343899987101e-10,RELIFE
2024-06-01,DK_7,0.0,0.0,0.0,7.008389931422717e-13,-2.8613355100556787e-10,RELIFE
2024-07-01,DK_7,0.0,0.0,0.0,7.008389931422717e-13,-2.854327120124256e-10,RELIFE
2024-08-01,DK_7,0.0,0.0,0.0,7.010393838179673e-13,-2.8473167262860763e-10,RELIFE
2024-09-01,DK_7,0.0,0.0,0.0,7.010393838179672e-13,-2.840306332447897e-10,RELIFE
2023-12-01,DK_8,0.0,0.0,0.0,-1.4015530626886795e-12,7.65753e-10,RELIFE
2024-01-01,DK_8,0.0,0.0,0.0,-1.4015530626822786e-12,7.643514469373177e-10,RELIFE
2024-02-01,DK_8,0.0,0.0,0.0,-1.401553062681709e-12,7.62949893874636e-10,RELIFE
2024-03-01,DK_8,0.0,0.0,0.0,-1.4015530626811428e-12,7.615483408119549e-10,RELIFE
2024-04-01,DK_8,0.0,0.0,0.0,-1.4015530626805723e-12,7.601467877492743e-10,RELIFE
2024-05-01,DK_8,0.0,0.0,0.0,-1.4027457740755498e-12,7.587440419751987e-10,RELIFE
2024-06-01,DK_8,0.0,0.0,0.0,-1.4027457740744019e-12,7.573412962011243e-10,RELIFE
2024-07-01,DK_8,0.0,0.0,0.0,-1.402678522335145e-12,7.559386176787892e-10,RELIFE
2024-08-01,DK_8,0.0,0.0,0.0,-1.4010049801430793e-12,7.545376126986461e-10,RELIFE
2024-09-01,DK_8,0.0,0.0,0.0,-1.4010049801419183e-12,7.531366077185042e-10,RELIFE
2023-12-01,DK_9,0.0,0.0,0.0,0.0,0.0,RELIFE
2024-01-01,DK_9,0.0,0.0,0.0,0.0,0.0,RELIFE
2024-02-01,DK_9,0.0,0.0,0.0,0.0,0.0,RELIFE
2024-03-01,DK_9,0.0,0.0,0.0,0.0,0.0,RELIFE
2024-04-01,DK_9,0.0,0.0,0.0,0.0,0.0,RELIFE
2024-05-01,DK_9,0.0,0.0,0.0,0.0,0.0,RELIFE
2024-06-01,DK_9,0.0,0.0,0.0,0.0,0.0,RELIFE
2024-07-01,DK_9,0.0,0.0,0.0,0.0,0.0,RELIFE
2024-08-01,DK_9,0.0,0.0,0.0,0.0,0.0,RELIFE
2024-09-01,DK_9,0.0,0.0,0.0,0.0,0.0,RELIFE
2023-12-01,JW_12,0.0,0.0,0.0,0.0,0.0,RELIFE
2024-01-01,JW_12,0.0,0.0,0.0,0.0,0.0,RELIFE
2024-02-01,JW_12,0.0,0.0,0.0,0.0,0.0,RELIFE
2024-03-01,JW_12,0.0,0.0,0.0,0.0,0.0,RELIFE
2024-04-01,JW_12,0.0,0.0,0.0,0.0,0.0,RELIFE
2024-05-01,JW_12,0.0,0.0,0.0,0.0,0.0,RELIFE
2024-06-01,JW_12,0.0,0.0,0.0,0.0,0.0,RELIFE
2024-07-01,JW_12,0.0,0.0,0.0,0.0,0.0,RELIFE
2024-08-01,JW_12,0.0,0.0,0.0,0.0,0.0,RELIFE
2024-09-01,JW_12,0.0,0.0,0.0,0.0,0.0,RELIFE
2023-12-01,JW_15,0.0,0.0,0.0,0.0,0.0,RELIFE
2024-01-01,JW_15,0.0,0.0,0.0,0.0,0.0,RELIFE
2024-02-01,JW_15,0.0,0.0,0.0,0.0,0.0,RELIFE
2024-03-01,JW_15,0.0,0.0,0.0,0.0,0.0,RELIFE
2024-04-01,JW_15,0.0,0.0,0.0,0.0,0.0,RELIFE
2024-05-01,JW_15,0.0,0.0,0.0,0.0,0.0,RELIFE
2024-06-01,JW_15,0.0,0.0,0.0,0.0,0.0,RELIFE
2024-07-01,JW_15,0.0,0.0,0.0,0.0,0.0,RELIFE
2024-08-01,JW_15,0.0,0.0,0.0,0.0,0.0,RELIFE
2024-09-01,JW_15,0.0,0.0,0.0,0.0,0.0,RELIFE
2023-12-01,JW_16,0.0,0.0,0.0,0.0,0.0,RELIFE
2024-01-01,JW_16,0.0,0.0,0.0,0.0,0.0,RELIFE
2024-02-01,JW_16,0.0,0.0,0.0,0.0,0.0,RELIFE
2024-03-01,JW_16,0.0,0.0,0.0,0.0,0.0,RELIFE
2024-04-01,JW_16,0.0,0.0,0.0,0.0,0.0,RELIFE
2024-05-01,JW_16,0.0,0.0,0.0,0.0,0.0,RELIFE
2024-07-01,JW_16,0.0,0.0,0.0,0.0,0.0,RELIFE
2024-08-01,JW_16,0.0,0.0,0.0,0.0,0.0,RELIFE
2024-09-01,JW_16,0.0,0.0,0.0,0.0,0.0,RELIFE
2023-12-01,JW_9,0.0,0.0,0.0,0.0,0.0,RELIFE
2024-01-01,JW_9,0.0,0.0,0.0,0.0,0.0,RELIFE
2024-02-01,JW_9,0.0,0.0,0.0,0.0,0.0,RELIFE
2024-03-01,JW_9,0.0,0.0,0.0,0.0,0.0,RELIFE
2024-04-01,JW_9,0.0,0.0,0.0,0.0,0.0,RELIFE
2024-05-01,JW_9,0.0,0.0,0.0,0.0,0.0,RELIFE
2024-06-01,JW_9,0.0,0.0,0.0,0.0,0.0,RELIFE
2024-07-01,JW_9,0.0,0.0,0.0,0.0,0.0,RELIFE
2024-08-01,JW_9,0.0,0.0,0.0,0.0,0.0,RELIFE
2024-09-01,JW_9,0.0,0.0,0.0,0.0,0.0,RELIFE
2023-12-01,SH_10,0.0,0.0,0.0,1.0719185411139968e-13,-5.73501e-11,RELIFE
2024-01-01,SH_10,0.0,0.0,0.0,1.0719185411139973e-13,-5.72429081458886e-11,RELIFE
2024-02-01,SH_10,0.0,0.0,0.0,1.0719185411139973e-13,-5.71357162917772e-11,RELIFE
2024-03-01,SH_10,0.0,0.0,0.0,1.0719185411139973e-13,-5.70285244376658e-11,RELIFE
2024-04-01,SH_10,0.0,0.0,0.0,1.0719185411139973e-13,-5.6921332583554405e-11,RELIFE
2024-05-01,SH_10,0.0,0.0,0.0,1.0719185411139973e-13,-5.6814140729443e-11,RELIFE
2024-06-01,SH_10,0.0,0.0,0.0,1.0719185411139973e-13,-5.6706948875331603e-11,RELIFE
2024-07-01,SH_10,0.0,0.0,0.0,1.0719185411139973e-13,-5.65997570212202e-11,RELIFE
2024-08-01,SH_10,0.0,0.0,0.0,1.0719185411139973e-13,-5.64925651671088e-11,RELIFE
2024-09-01,SH_10,0.0,0.0,0.0,1.0719185411139973e-13,-5.6385373312997405e-11,RELIFE
2023-12-01,SH_11,0.0,0.0,0.0,0.0,0.0,RELIFE
2024-01-01,SH_11,0.0,0.0,0.0,0.0,0.0,RELIFE
2024-02-01,SH_11,0.0,0.0,0.0,0.0,0.0,RELIFE
2024-03-01,SH_11,0.0,0.0,0.0,0.0,0.0,RELIFE
2024-04-01,SH_11,0.0,0.0,0.0,0.0,0.0,RELIFE
2024-05-01,SH_11,0.0,0.0,0.0,0.0,0.0,RELIFE
2024-06-01,SH_11,0.0,0.0,0.0,0.0,0.0,RELIFE
2024-07-01,SH_11,0.0,0.0,0.0,0.0,0.0,RELIFE
2024-08-01,SH_11,0.0,0.0,0.0,0.0,0.0,RELIFE
2024-09-01,SH_11,0.0,0.0,0.0,0.0,0.0,RELIFE
2023-12-01,SH_12,0.0,0.0,0.0,0.0,0.0,RELIFE
2024-01-01,SH_12,0.0,0.0,0.0,0.0,0.0,RELIFE
2024-02-01,SH_12,0.0,0.0,0.0,0.0,0.0,RELIFE
2024-03-01,SH_12,0.0,0.0,0.0,0.0,0.0,RELIFE
2024-04-01,SH_12,0.0,0.0,0.0,0.0,0.0,RELIFE
2024-05-01,SH_12,0.0,0.0,0.0,0.0,0.0,RELIFE
2024-06-01,SH_12,0.0,0.0,0.0,0.0,0.0,RELIFE
2024-07-01,SH_12,0.0,0.0,0.0,0.0,0.0,RELIFE
2024-08-01,SH_12,0.0,0.0,0.0,0.0,0.0,RELIFE
2024-09-01,SH_12,0.0,0.0,0.0,0.0,0.0,RELIFE
2023-12-01,SH_14,0.0,0.0,0.0,0.0,0.0,RELIFE
2024-01-01,SH_14,0.0,0.0,0.0,0.0,0.0,RELIFE
2024-02-01,SH_14,0.0,0.0,0.0,0.0,0.0,RELIFE
2024-03-01,SH_14,0.0,0.0,0.0,0.0,0.0,RELIFE
2024-04-01,SH_14,0.0,0.0,0.0,0.0,0.0,RELIFE
2024-05-01,SH_14,0.0,0.0,0.0,0.0,0.0,RELIFE
2024-06-01,SH_14,0.0,0.0,0.0,0.0,0.0,RELIFE
2024-07-01,SH_14,0.0,0.0,0.0,0.0,0.0,RELIFE
2024-08-01,SH_14,0.0,0.0,0.0,0.0,0.0,RELIFE
2024-09-01,SH_14,0.0,0.0,0.0,0.0,0.0,RELIFE
2023-12-01,SH_7,0.0,0.0,0.0,0.0,0.0,RELIFE
2024-01-01,SH_7,0.0,0.0,0.0,0.0,0.0,RELIFE
2024-02-01,SH_7,0.0,0.0,0.0,0.0,0.0,RELIFE
2024-03-01,SH_7,0.0,0.0,0.0,0.0,0.0,RELIFE
2024-04-01,SH_7,0.0,0.0,0.0,0.0,0.0,RELIFE
2024-05-01,SH_7,0.0,0.0,0.0,0.0,0.0,RELIFE
2024-06-01,SH_7,0.0,0.0,0.0,0.0,0.0,RELIFE
2024-07-01,SH_7,0.0,0.0,0.0,0.0,0.0,RELIFE
2024-08-01,SH_7,0.0,0.0,0.0,0.0,0.0,RELIFE
2024-09-01,SH_7,0.0,0.0,0.0,0.0,0.0,RELIFE
2023-12-01,SH_8,0.0,0.0,0.0,0.0,0.0,RELIFE
2024-01-01,SH_8,0.0,0.0,0.0,0.0,0.0,RELIFE
2024-02-01,SH_8,0.0,0.0,0.0,0.0,0.0,RELIFE
2024-03-01,SH_8,0.0,0.0,0.0,0.0,0.0,RELIFE
2024-04-01,SH_8,0.0,0.0,0.0,0.0,0.0,RELIFE
2024-05-01,SH_8,0.0,0.0,0.0,0.0,0.0,RELIFE
2024-06-01,SH_8,0.0,0.0,0.0,0.0,0.0,RELIFE
2024-07-01,SH_8,0.0,0.0,0.0,0.0,0.0,RELIFE
2024-08-01,SH_8,0.0,0.0,0.0,0.0,0.0,RELIFE
2024-09-01,SH_8,0.0,0.0,0.0,0.0,0.0,RELIFE
2023-12-01,SH_9,0.0,0.0,0.0,-2.154563020459712e-13,1.14692e-10,RELIFE
2024-01-01,SH_9,0.0,0.0,0.0,-2.1545630204597122e-13,1.1447654369795403e-10,RELIFE
2024-02-01,SH_9,0.0,0.0,0.0,-2.1545630204597122e-13,1.1426108739590806e-10,RELIFE
2024-03-01,SH_9,0.0,0.0,0.0,-2.1545630204597122e-13,1.1404563109386209e-10,RELIFE
2024-04-01,SH_9,0.0,0.0,0.0,-2.1545630204597122e-13,1.1383017479181611e-10,RELIFE
2024-05-01,SH_9,0.0,0.0,0.0,-2.1545630204597122e-13,1.1361471848977014e-10,RELIFE
2024-06-01,SH_9,0.0,0.0,0.0,-2.1545630204597122e-13,1.1339926218772417e-10,RELIFE
2024-07-01,SH_9,0.0,0.0,0.0,-2.154563020459711e-13,1.131838058856782e-10,RELIFE
2024-08-01,SH_9,0.0,0.0,0.0,-2.154563020459711e-13,1.1296834958363223e-10,RELIFE
2024-09-01,SH_9,0.0,0.0,0.0,-2.1545630204597105e-13,1.1275289328158626e-10,RELIFE
