IFRS_MONTH,NAMA_PRODUK,Liabilitas Kontrak Asuransi (Saldo Awal),Aset Kontrak Asuransi (Saldo Awal),Saldo Bersih Kontrak Asuransi (Saldo Awal),Pendapatan Jasa Asuransi,Ekspektasi Klaim & Beban Attributable (Estimasi),Ekspektasi Klaim,Ekspektasi Komisi,Ekspektasi Beban Attributable,Perubahan pada Penyesuaian Risiko (RA),Perubahan pada CSM (Amortisasi),Pendapatan Jasa Asuransi Lainnya,Beban Jasa Asuransi,Beban Klaim & Biaya Attributable,Amortisasi Arus Kas Akuisisi (Beban),Kerugian dari Kontrak Merugi (Onerous),Beban Jasa Asuransi Lainnya,Hasil Jasa Asuransi Kotor,Penerimaan Premi,Arus Kas Akuisisi Asuransi,Beban Klaim & Beban Jasa Asuransi Dibayarkan,Arus Kas Bersih,Pendapatan (Beban) Keuangan Kontrak Asuransi (P&L),Pendapatan (Beban) Keuangan Kontrak Asuransi (OCI),Alokasi Aset untuk Arus Kas Akuisisi,Komponen Investasi,Perubahan Lainnya,Total Perubahan,Liabilitas Kontrak Asuransi (Saldo Akhir),Aset Kontrak Asuransi (Saldo Akhir),Saldo Bersih Kontrak Asuransi (Saldo Akhir)
2023-12-01,AJK,2844147025.6440086,802615145.5063775,2041531880.137631,274231178.02913463,220997415.79989094,128389284.61004688,66290883.14186198,26317248.047982052,15694142.753921743,37539619.47532197,0,71819966.24842975,29569947.032526214,66290883.14186198,-24040863.925958455,0,-202411211.7807049,54496810.0,-13014015.0,0,67510825.0,-243775231.9550931,0,53276868.14186198,35169340.704492055,0.0,-155329023.10873905,2635541134.3934073,749338277.3645154,1886202857.0288918
2024-01-01,AJK,2635541134.3934073,749338277.3645154,1886202857.0288918,139395498.02547818,103838680.50497308,58988298.23587173,30951258.078082215,13899124.191019129,7288742.242689087,28268075.277816024,0,47042436.98386821,14550903.684059506,30951258.078082215,1540275.2217264948,0,-92353061.04160997,46716859.0,-9956903.91,0,56673762.91,-91138363.80375168,0,20994354.168082215,11326845.15775255,0.0,-58817164.47791692,2555729615.747408,728343923.1964332,1827385692.5509748
2024-02-01,AJK,2555729615.747408,728343923.1964332,1827385692.5509748,132161289.80769557,100874908.208941,56854839.78713343,30172727.055443328,13847341.366364239,7070218.115349768,24216163.483404808,0,45016435.99927968,14113312.237271937,30172727.055443328,730396.7065644125,0,-87144853.80841589,82417121.0,-18873963.39,0,101291084.39,-49013772.101131156,0,11298763.665443327,11511560.04836854,0.0,-26203448.387319285,2518227403.6946454,717045159.5309899,1801182244.1636555
2024-03-01,AJK,2518227403.694646,717045159.5309899,1801182244.1636558,117602736.78130877,90534843.17669584,51285071.76100576,27000654.5850929,12249116.830597177,6353418.859160294,20714474.74545264,0,37997788.55288517,12571178.336765781,27000654.5850929,-1574044.368973515,0,-79604948.2284236,98237962.0,-18659618.89,0,116897580.89,-20938819.15028228,0,8341035.695092898,10895043.68756029,0.0,-1702739.7676290907,2508183628.2319236,708704123.835897,1799479504.3960266
2024-04-01,AJK,2508183628.2319236,708704123.835897,1799479504.3960266,107885788.63818596,83592798.21178108,47699657.99606834,24680640.720759567,11212499.494953172,5891215.749102152,18401774.677302733,0,29586335.525852736,11467795.83523363,24680640.720759567,-6562101.030140463,0,-78299453.11233322,78327413.0,-11490599.67,0,89818012.67,-36120476.66832642,0,13190041.050759567,9269981.715316571,0.0,-13660453.902250282,2481333133.2789135,695514082.7851374,1785819050.4937763
2024-05-01,AJK,2481333133.2789135,695514082.7851374,1785819050.493776,98496597.02851333,76494866.5727658,43301009.3246494,23272111.952035353,9921745.296081051,5322275.462073046,16679454.993674483,0,28986972.833422408,10719395.419203755,23272111.952035353,-5004534.537816705,0,-69509624.19509092,58769981.0,-12530397.99,0,71300378.99,-44731150.56633003,0,10741713.962035352,8966259.044498542,0.0,-25023177.55979614,2445568241.757082,684772368.8231021,1760795872.93398
2024-06-01,AJK,2445568241.757082,684772368.8231021,1760795872.93398,97724423.42722948,75944347.83999473,44732138.6718747,21470398.867733765,9741810.300386269,5447394.897226097,16332680.690008659,0,30854350.550077543,9929908.160765264,21470398.867733765,-545956.478421486,0,-66870072.87715194,123511957.0,-21165766.35,0,144677723.35,25241577.09434904,0,304632.5177337639,9044314.960943514,0.0,34590524.57302632,2479854133.8123746,684467736.3053683,1795386397.5070064
2024-07-01,AJK,2479854133.8123746,684467736.3053683,1795386397.5070064,98715250.77482906,75648010.815788,44014568.37145367,21626302.76862265,10007139.675711673,5402170.804716535,17665069.15432454,0,34839620.58395633,10187821.985094436,21626302.76862265,3025495.830239242,0,-63875630.19087273,161893312.0,-23675814.69,0,185569126.69,66203557.05541018,0,-2049511.9213773496,9972161.49661888,0.0,74126206.63065171,2556029852.3644037,686517248.2267456,1869512604.137658
2024-08-01,AJK,2556029852.3644037,686517248.2267456,1869512604.137658,99112452.48340257,74748766.04321355,43668222.25256358,21316890.07955784,9763653.71109213,5343187.596365571,19020498.84382345,0,29716961.247974362,10188364.907549359,21316890.07955784,-1788293.7391328365,0,-69395491.2354282,147355740.0,-22041528.38,0,169397268.38,46454993.7774646,0,-724638.3004421592,11405600.404374095,0.0,57135955.88139653,2613890446.5462427,687241886.5271878,1926648560.0190547
2024-09-01,AJK,2613890446.546242,687241886.5271877,1926648560.0190547,97969231.25505078,72314730.2142222,43938226.550129704,19262232.808177497,9114270.855914999,5305249.7406044705,20349251.300224107,0,27468023.923092883,9296340.990621725,19262232.808177497,-1090549.8757063397,0,-70501207.33195789,133129139.0,-20153437.36,0,153282576.36,34069357.86924288,0,-891204.5518225022,13202985.300547902,0.0,46381138.617968276,2661162789.716033,688133091.0790102,1973029698.637023
2024-10-01,AJK,2661162789.7160335,688133091.0790104,1973029698.637023,96126635.95497178,68906323.32447177,44351383.995032154,16864532.802257143,7690406.527182469,5204179.052221462,22016133.578278538,0,37478911.77729184,8239431.469415531,16864532.802257143,12374947.505619168,0,-58647724.17767993,151818213.0,-22672208.35,0,174490421.35,68066524.5506474,0,-5807675.5477428585,13825675.12084997,0.0,76084524.1237545,2743054989.387531,693940766.6267532,2049114222.7607775
2024-11-01,AJK,2743054989.3875303,693940766.6267531,2049114222.7607772,101914842.5799188,72968403.38158499,46833975.49029558,17649441.140189894,8484986.751099514,5531896.22413951,23414542.974194307,0,86818108.06747371,8686958.486882797,17649441.140189894,60481708.44040102,0,-15096734.512445092,170461194.0,-34934305.49,0,205395499.49,129028059.86048222,0,-17284864.34981011,13239316.803865151,0.0,124982512.31453726,2885322366.051878,711225630.9765632,2174096735.0753145
2024-12-01,AJK,2885322366.051878,711225630.9765633,2174096735.0753145,108081360.55571878,77261729.70293127,49914535.236121066,18706322.625968877,8640871.840841321,5855540.707696239,24964090.14509126,0,95044824.90248713,9265774.574948113,18706322.625968877,67072727.701570146,0,-13036535.65323165,285023604.0,-64201515.97,0,349225119.97,244014971.14585137,0,-45495193.344031125,13394000.928489732,0.0,211913778.73031,3142731338.126219,756720824.3205944,2386010513.8056245
2023-12-01,AJK_RELIFE,374032309.8299593,0.0,374032309.8299593,20346774.004549433,18497067.27686312,17954880.501246016,0.0,542186.7756171048,1849706.7276863125,-0.0,0,276636.9009335971,577769.9609451323,0.0,-301133.0600115352,0,-20070137.103615835,0.0,0.0,0,0.0,-20647907.06456097,0,0.0,2092298.311862753,0.0,-18555608.752698217,355476701.07726103,0.0,355476701.07726103
2024-01-01,AJK_RELIFE,355476701.07726103,0.0,355476701.07726103,17819045.73661781,16199132.487834375,15728543.755154807,0.0,470588.73267956875,1619913.2487834375,-0.0,0,-173931418.61065874,531174.4889282569,0.0,-174462593.099587,0,-191750464.34727654,0.0,0.0,0,0.0,-192281638.8362048,0,0.0,950553.126421078,0.0,-191331085.70978373,164145615.3674773,0.0,164145615.3674773
2024-02-01,AJK_RELIFE,164145615.3674773,0.0,164145615.3674773,9391806.879353272,8538006.25395752,8008352.019339298,0.0,529654.2346182211,853800.6253957519,-0.0,0,844359.4197342081,529654.2346182211,0.0,314705.185115987,0,-8547447.459619064,0.0,0.0,0,0.0,-9077101.694237284,0,0.0,911382.1696593296,0.0,-8165719.524577955,155979895.84289935,0.0,155979895.84289935
2024-03-01,AJK_RELIFE,155979895.84289935,0.0,155979895.84289935,9129788.806219079,8299808.005653707,7774467.938060778,0.0,525340.0675929287,829980.8005653707,-0.0,0,826487.1670792158,525340.0675929287,0.0,301147.0994862871,0,-8303301.639139863,0.0,0.0,0,0.0,-8828641.70673279,0,0.0,847618.7396097771,0.0,-7981022.967123014,147998872.87577635,0.0,147998872.87577635
2024-04-01,AJK_RELIFE,147998872.87577635,0.0,147998872.87577635,8769684.921898548,7972440.838089589,7452178.85264317,0.0,520261.9854464183,797244.083808959,-0.0,0,805302.0825739849,520261.9854464183,0.0,285040.0971275666,0,-7964382.839324563,0.0,0.0,0,0.0,-8484644.824770981,0,0.0,718117.1378721077,0.0,-7766527.686898874,140232345.18887746,0.0,140232345.18887746
2024-05-01,AJK_RELIFE,140232345.18887746,0.0,140232345.18887746,10044305.484855209,9131186.804413825,8621819.339409174,0.0,509367.4650046507,913118.6804413825,-0.0,0,22718577.678630155,509367.4650046507,0.0,22209210.213625506,0,12674272.193774946,0.0,0.0,0,0.0,12164904.728770297,0,0.0,801707.932635961,0.0,12966612.661406258,153198957.8502837,0.0,153198957.8502837
2024-06-01,AJK_RELIFE,153198957.8502837,0.0,153198957.8502837,8080513.895820191,7345921.723472901,6908576.298171359,0.0,437345.42530154163,734592.1723472901,-0.0,0,-809377.521653401,479514.9856080106,0.0,-1288892.5072614115,0,-8889891.417473592,0.0,0.0,0,0.0,-9369406.403081603,0,0.0,738916.6226960903,0.0,-8630489.780385513,144568468.0698982,0.0,144568468.0698982
2024-07-01,AJK_RELIFE,144568468.0698982,0.0,144568468.0698982,7744033.85500271,7040030.777275191,6603029.854197869,0.0,437000.92307732184,704003.0777275191,-0.0,0,-828965.5133850764,479184.04727349884,0.0,-1308149.5606585753,0,-8572999.368387787,0.0,0.0,0,0.0,-9052183.415661285,0,0.0,758668.6681599672,0.0,-8293514.747501317,136274953.32239687,0.0,136274953.32239687
2024-08-01,AJK_RELIFE,136274953.32239687,0.0,136274953.32239687,7350289.190640828,6682081.082400752,6248672.156978358,0.0,433408.92542239453,668208.1082400752,-0.0,0,-823396.7705899527,473968.20847945043,0.0,-1297364.9790694031,0,-8173685.96123078,0.0,0.0,0,0.0,-8647654.16971023,0,0.0,747094.2460215023,0.0,-7900559.923688727,128374393.39870813,0.0,128374393.39870813
2024-09-01,AJK_RELIFE,128374393.39870813,0.0,128374393.39870813,6975666.441242761,6341514.946584328,5909482.383241417,0.0,432032.56334291125,634151.4946584329,-0.0,0,-821650.2852544056,471244.5549458917,0.0,-1292894.8402002973,0,-7797316.726497167,0.0,0.0,0,0.0,-8268561.2814430585,0,0.0,790239.3108764305,0.0,-7478321.9705666285,120896071.4281415,0.0,120896071.4281415
2024-10-01,AJK_RELIFE,120896071.4281415,0.0,120896071.4281415,6605592.762913075,6005084.329920977,5574081.921052788,0.0,431002.4088681887,600508.4329920977,-0.0,0,-814736.5967813877,469556.9772066548,0.0,-1284293.5739880425,0,-7420329.359694463,0.0,0.0,0,0.0,-7889886.336901118,0,0.0,743493.610171731,0.0,-7146392.726729387,113749678.70141211,0.0,113749678.70141211
2024-11-01,AJK_RELIFE,113749678.7014121,0.0,113749678.7014121,6230567.279182766,5664152.071984332,5233153.246747504,0.0,430998.82523682853,566415.2071984333,-0.0,0,-828467.4198557211,469556.9772066548,0.0,-1298024.397062376,0,-7059034.699038487,0.0,0.0,0,0.0,-7528591.676245142,0,0.0,636043.8292930733,0.0,-6892547.846952069,106857130.85446003,0.0,106857130.85446003
2024-12-01,AJK_RELIFE,106857130.85446005,0.0,106857130.85446005,5851914.434094446,5319922.212813132,4892444.029628735,0.0,427478.1831843977,531992.2212813133,-0.0,0,-845322.3411373458,466048.322043378,0.0,-1311370.6631807238,0,-6697236.775231792,0.0,0.0,0,0.0,-7163285.09727517,0,0.0,562504.1579925047,0.0,-6600780.939282665,100256349.91517738,0.0,100256349.91517738
2023-12-01,RELIFE,6208656419.059469,30500325.359218683,6178156093.700251,114678219.63008606,116641961.4031066,111712778.9976472,133543.20590568508,4795639.199553706,11650841.819720086,-13614583.592740623,0,42500203.87066196,4874588.046634885,133543.20590568508,37492072.618121386,0,-72178015.7594241,4174800.0,0.0,0,4174800.0,-73011347.01196468,0,133543.20590568508,49756518.496377654,0.0,-23121285.309681334,6185401590.543882,30366782.153313,6155034808.39057
2024-01-01,RELIFE,6185401590.543882,30366782.153313,6155034808.39057,97268948.2076017,89273111.29890288,83163269.6716726,116964.42986401905,5992877.197366269,7995836.908698818,7.504504881431934e-13,0,-520772555.99028695,5608856.169878567,116964.42986401905,-526498376.59002954,0,-618041504.1978886,0.0,0.0,0,0.0,-623767324.7976313,0,116964.42986401905,46455930.82549085,0.0,-577194429.5422764,5608090196.571742,30249817.72344898,5577840378.848293
2024-02-01,RELIFE,5608090196.571742,30249817.72344898,5577840378.848293,23547212.662768565,21411604.15864088,18600339.12521981,55519.11736401905,2755745.916057049,2135608.5041276864,7.504504881426237e-13,0,15739705.348762244,2755745.916057049,55519.11736401905,12928440.315341176,0,-7807507.314006321,0.0,0.0,0,0.0,-10618772.347427389,0,55519.11736401905,41304728.95810136,0.0,30741475.72803799,5638776153.182416,30194298.60608496,5608581854.576331
2024-03-01,RELIFE,5638776153.182417,30194298.60608496,5608581854.576332,137880786.65912557,125351216.88260178,122421156.81888711,55519.117364019054,2874540.946350655,12529569.77652378,7.504504881420577e-13,0,15849455.52778209,2874540.946350655,55519.117364019054,12919395.464067416,0,-122031331.13134348,1649700.0,0.0,0,1649700.0,-123311691.19505815,0,55519.117364019054,37302996.05084862,0.0,-85953176.02684551,5552767458.038207,30138779.488720942,5522628678.549486
2024-04-01,RELIFE,5552767458.038207,30138779.488720942,5522628678.549486,109177320.62033156,99266530.6568225,86160487.17322971,192621.1074137697,12913422.37617902,9910789.963509046,1.1607495773227114e-10,0,27366521.51628441,12921482.976351803,192621.1074137697,14252417.432518836,0,-81810799.10404715,632800.0,0.0,0,632800.0,-94292103.18781272,0,192621.1074137697,57641756.563751,0.0,-36457725.51664795,5516117111.414145,29946158.381307174,5486170953.032838
2024-05-01,RELIFE,5516117111.414145,29946158.381307174,5486170953.032838,188172673.1369774,171173293.46660444,163373116.9371003,138078.58564760129,7662097.943856545,16999379.670372963,5.33223769463512e-13,0,17922064.32943946,7430042.45930049,138078.58564760129,10353943.284491368,0,-170250608.80753794,0.0,0.0,0,0.0,-177818729.85248604,0,138078.58564760129,44122091.93788362,0.0,-133558559.32895482,5382420473.499543,29808079.795659572,5352612393.703883
2024-06-01,RELIFE,5382420473.499543,29808079.795659572,5352612393.703883,185655031.06999436,168782234.01649314,165908548.01236415,54263.481480934475,2819422.52264808,16872797.053501226,5.332237694623641e-13,0,14059091.770423405,2820958.7390401997,54263.481480934475,11183869.54990227,0,-171595939.29957095,0.0,0.0,0,0.0,-174471161.5200921,0,54263.481480934475,25432708.803858455,0.0,-148984189.2347527,5233382020.783309,29753816.31417864,5203628204.4691305
2024-07-01,RELIFE,5233382020.783309,29753816.31417864,5203628204.4691305,180016091.0784058,163663391.78942627,156505392.47076976,116852.27929514232,7041147.039361365,16352699.288979542,5.331565177231071e-13,0,16728983.171807222,7038734.325914738,116852.27929514232,9573396.56659734,0,-163287107.90659857,0.0,0.0,0,0.0,-170442694.51180845,0,116852.27929514232,32148854.62000497,0.0,-138176987.61250833,5095088180.891505,29636964.034883495,5065451216.856622
2024-08-01,RELIFE,5095088180.891505,29636964.034883495,5065451216.856622,99577895.91971101,90822167.5637471,80113935.8117101,195779.46384314113,10512452.28819385,8755728.355963914,5.312825848553459e-13,0,21284510.595372405,9920897.252940623,195779.46384314113,11167833.878588641,0,-78293385.3243386,0.0,0.0,0,0.0,-88410062.04112236,0,195779.46384314113,60373173.66168892,0.0,-27841108.91559031,5067051292.512072,29441184.571040355,5037610107.941031
2024-09-01,RELIFE,5067051292.512072,29441184.57104035,5037610107.941031,51838010.560761854,47130359.04387748,44013011.30933018,53843.875033771415,3063503.8595135263,4707651.516884371,5.31282584854185e-13,0,11198776.678983362,3066347.9642074285,53843.875033771415,8078584.839742162,0,-40639233.88177849,4015200.0,0.0,0,4015200.0,-39744225.72101969,0,53843.875033771415,31282107.35462002,0.0,-8408274.491365898,5058589174.145673,29387340.69600658,5029201833.449666
2024-10-01,RELIFE,5058589174.145673,29387340.69600658,5029201833.449666,150530423.5635388,136850734.50094742,133943134.5488558,53843.875033771415,2853756.077057859,13679689.062591366,5.312825848530227e-13,0,9394959.731357826,2856957.985281116,53843.875033771415,6484157.871042939,0,-141135463.83218098,0.0,0.0,0,0.0,-144046265.69249585,0,53843.875033771415,36992477.64431321,0.0,-106999944.17314887,4951535386.097489,29333496.82097281,4922201889.276517
2024-11-01,RELIFE,4951535386.097489,29333496.820972808,4922201889.276517,83402651.67016293,75825487.32515119,72910172.36302453,53843.875033771415,2861471.0870928983,7577164.345011744,5.312825848518586e-13,0,9349429.72663689,2864952.3192168265,53843.875033771415,6430633.532386293,0,-74053221.94352604,0.0,0.0,0,0.0,-76972018.13777664,0,53843.875033771415,30115453.220788945,0.0,-46802721.041953936,4904678821.180502,29279652.945939038,4875399168.234563
2024-12-01,RELIFE,4904678821.180503,29279652.945939038,4875399168.234564,41211294.772757664,37469708.32751004,34299422.538710095,53843.875033771415,3116441.913766168,3741586.445247627,5.312825848506962e-13,0,8129088.031514019,3120209.0228812504,53843.875033771415,4955035.133598997,0,-33082206.741243646,4174800.0,0.0,0,4174800.0,-32081459.639158666,0,53843.875033771415,23740388.754285265,0.0,-8287227.009839632,4896337750.2956295,29225809.07090527,4867111941.224724
2023-12-01,RPUL,103846883.33353946,69211721.97844078,34635161.35509867,3795887.4996041846,3467770.9334681174,1583034.4249473712,186605.2721074436,1698131.2364133026,328116.5661360674,-0.0,0,4984768.491302619,1994879.3255990695,186605.2721074436,2803283.8935961053,0,1188880.991698434,1879641.7421902565,-4241666.666666667,0,6121308.408856924,887038.1361821771,0,-4055061.394559223,-320949.1856216229,-2.3283064365386963e-10,-3488972.4439986693,104412972.2841,73266783.373,31146188.9111
2024-01-01,RPUL,104412972.2841,73266783.373,31146188.9111,3795890.5355246635,3468031.4293419747,1581711.6029914697,189440.36751508457,1696879.4588354204,327859.10618268896,-0.0,0,2260326.750356705,1995075.9339766402,189440.36751508457,75810.44886498037,0,-1535563.7851679586,1865162.3797973725,-4241666.666666667,0,6106829.046464039,-1854917.7068623104,0,-4052226.2991515826,840264.1053565345,0.0,-5066879.900657358,103398318.68259422,77319009.67215158,26079309.010442644
2024-02-01,RPUL,103398318.68259422,77319009.67215158,26079309.010442644,3768645.928429364,3443553.319419643,1568284.7930286329,192627.22932243074,1682641.2970685791,325092.6090097212,-0.0,0,3236313.9450256373,1995273.112518506,192627.22932243074,1048413.6031847004,0,-532331.983403727,1853470.1813319465,-4241666.666666666,0,6095136.847998613,-866762.1439127172,0,-4049039.4373442354,-565705.069456374,0.0,-5481506.650713326,101965851.46922514,81368049.10949582,20597802.359729316
2024-03-01,RPUL,101965851.46922514,81368049.10949582,20597802.359729316,3700138.0131048495,3381594.0120015116,1536614.7170023806,196154.0009681339,1648825.2940309972,318544.00110333774,-0.0,0,4697776.840014452,1995470.8628781429,196154.0009681339,2506151.9761681757,0,997638.8269096026,1840904.971086063,-4241666.666666666,0,6082571.637752729,646918.9341493892,0,-4045512.665698532,79735.44126707158,2.3283064365386963e-10,-3318858.2902820706,102692505.8446416,85413561.77519435,17278944.069447245
2024-04-01,RPUL,102692505.8446416,85413561.77519435,17278944.069447245,3732857.555452997,3411689.522956902,1549193.0055308163,200009.19799595524,1662487.3194301305,321168.03249609476,-0.0,0,1159702.5738128037,1995669.1867138227,200009.19799595524,-1035975.8108969739,0,-2573154.981640193,1824686.3861678005,-4241666.666666667,0,6066353.052834468,-2944146.9801821704,0,-4041657.468670712,2681884.4422299084,-2.3283064365386963e-10,-4303920.006622974,102430243.30668932,89455219.24386506,12975024.062824272
2024-05-01,RPUL,102430243.30668932,89455219.24386506,12975024.062824272,3768957.386412872,3448318.386022242,1554111.3514365293,241928.38211594085,1652278.652469772,320639.00039063016,-0.0,0,2981729.538747194,1995868.0856886262,241928.38211594085,743933.0709426275,0,-787227.8476656778,1844721.6902221995,-10005000.0,0,11849721.6902222,-1180302.6252480452,0,-9763071.617884059,1987753.770245165,8865446.301592756,-90174.17129418254,112103140.75327921,99218290.86174911,12884849.89153009
2024-06-01,RPUL,112103140.75327921,99218290.86174911,12884849.89153009,3828773.11058165,3504278.0333332457,1567926.2675372532,339040.2940305388,1597311.4717654535,316523.7739302707,7971.303318133488,0,11046729.871005373,2056900.8948037897,339040.2940305388,8650788.682171045,0,7217956.760423724,2089805.0559675675,-34125000.0,0,36214805.05596757,6911820.627556963,0,-33785959.70596946,-264558.12497278315,47613776.13812306,20475078.93473778,166364179.39398646,133004250.56771858,33359928.82626787
2024-07-01,RPUL,166364179.39398646,133004250.56771858,33359928.826267872,3703406.781199571,3381271.89218121,1564677.567454516,237327.91540006298,1579266.4093266313,314394.39767811476,7740.4913402461,0,3590606.992941144,2057120.2823987207,237327.91540006298,1296158.7951423598,0,-112799.78825842729,2104381.31795133,-4573333.333333332,0,6677714.651284662,-302866.66810588166,0,-4336005.417933269,-323162.0050522652,5910297.5343951695,948263.4433037536,171648448.25522348,137340255.98565185,34308192.269571625
2024-08-01,RPUL,171648448.25522348,137340255.98565185,34308192.269571625,3760428.733590133,3427596.7765576513,1576566.3144961619,222770.10701232607,1628260.3550491636,320482.6669545326,12349.290077949103,0,3206410.782268691,2118173.6395510104,222770.10701232607,865467.0357053548,0,-554017.9513214421,2165653.8900108626,-4036666.6666666665,0,6202320.55667753,-729307.8078739159,0,-3813896.5596543406,-265500.75961919565,5946178.520637102,1137473.3934896505,176599818.20836747,141154152.5453062,35445665.663061276
2024-09-01,RPUL,176599818.20836744,141154152.54530618,35445665.66306127,4236474.884582359,3742131.8338210285,1795494.1903026623,224506.05082370254,1722131.5926946637,351762.57829973265,142580.4724615981,0,2503067.613719399,2213413.634772375,224506.05082370254,65147.92812332162,0,-1733407.2708629603,2394112.085103138,-2207500.0,0,4601612.085103137,-1777214.8713559,0,-1982993.9491762975,694968.0915133298,3729999.9999999995,664759.2709811316,179247571.42852488,143137146.4944825,36110424.9340424
2024-10-01,RPUL,179247571.42852485,143137146.49448246,36110424.9340424,4209879.87927633,3738835.463408064,1793671.8430201453,224616.3337743968,1720547.2866135219,351421.9129633667,119622.50290489856,0,2567708.2443262646,2213673.659313215,224616.3337743968,129418.25123865297,0,-1642171.634950065,2370888.6024623965,-427500.0,0,2798388.6024623965,-1709573.0255752802,0,-202883.6662256032,1208881.0704684698,0.0,-703575.6213324137,178746879.47341806,143340030.16070807,35406849.31270999
2024-11-01,RPUL,178746879.4734181,143340030.1607081,35406849.31270999,4261131.152531769,3763319.9283871804,1805822.4427659216,224772.07565709177,1732725.409964167,353854.78527300886,143956.43887158015,0,1505006.805427325,2213934.4379252233,224772.07565709177,-933699.7081549898,0,-2756124.347104444,2342238.250356535,-427500.0,0,2769738.250356535,-2852592.6103302236,0,-202727.92434290823,2300638.370609261,0.0,-754682.1640638709,178194925.23369712,143542758.085051,34652167.148646116
2024-12-01,RPUL,178194925.23369712,143542758.085051,34652167.14864612,4356596.577403395,3844289.9200508036,1823674.2155722836,229061.08675945358,1791554.617719066,361522.88332913496,150783.7740234566,0,2641923.230387481,2275029.3061285396,229061.08675945358,137832.83749948745,0,-1714673.3470159145,2374303.8918859316,-1815833.3333333333,0,4190137.2252192646,-1844459.8480179766,0,-1586772.2465738796,1743193.3251644985,2400000.0,711961.2305726425,180493658.71084362,145129530.33162487,35364128.379218765
2023-12-01,SPUL,14515743317.91924,13280198444.408083,1235544873.511158,4698475179.727372,3494495203.539211,65949701.71645135,3836061880.307908,-407516378.4851485,-34156667.67686972,1238136643.865031,0,-7895556512.559542,2993096480.7749915,3836061880.307908,-14724714873.64244,0,-12594031692.286915,16840410821.961523,-6935710508.342944,0,23776121330.304466,-2582779231.408289,0,-3099648628.035036,-94435071.79164685,17552087117.723747,11775224186.488775,29390616132.443054,16379847072.44312,13010769059.999933
2024-01-01,SPUL,29390616132.44305,16379847072.44312,13010769059.999931,7466382405.036311,6494081759.465705,115232089.51777579,3183697441.6124797,3195152228.335449,331038431.7853225,641262213.7852837,0,8706940484.679426,3010161907.938881,3183697441.6124797,2513081135.1280656,0,1240558079.643115,4489671304.831097,-2717360916.893402,0,7207032221.724499,-463629965.07714844,0,466336524.7190776,565468736.4759159,9269238125.202795,9837413421.32064,38761693029.04462,15913510547.724041,22848182481.32057
2024-02-01,SPUL,38761693029.04462,15913510547.724041,22848182481.32057,6216620365.672493,5490127983.892746,107385005.13669637,3205782509.382064,2176960469.3739862,228434547.45106825,498057834.32867897,0,8704825257.572714,2868557705.291801,3205782509.382064,2630485042.898849,0,2488204891.900221,7218969335.356293,-2696426179.467324,0,9915395514.823616,3632834012.5826488,0,509356329.9147401,-270522392.86495936,-18437277467.299706,-14565609517.667276,23686727181.4626,15404154217.809301,8282572963.653297
2024-03-01,SPUL,23686727181.462597,15404154217.8093,8282572963.653298,6435908092.027163,5652830906.162914,105249673.85307522,3097067578.8736825,2450513653.4361567,255576332.7289232,527500853.13532495,0,8467276779.240971,2758390942.3908157,3097067578.8736825,2611818257.9764724,0,2031368687.213808,6246513867.421984,-3681888863.1767097,0,9928402730.598694,2422424033.3712935,0,-584821284.3030272,-67620970.71611148,-748942390.9218311,1021039387.4303238,25292587853.19595,15988975502.112328,9303612351.083622
2024-04-01,SPUL,25292587853.19595,15988975502.11233,9303612351.08362,5817222743.330194,5192065879.070768,108499469.46948475,3027043614.673007,2056522794.9282763,216502226.4397761,408654637.8196499,0,7958975237.274884,2766302958.7938843,3027043614.673007,2165628663.807993,0,2141752493.9446898,3600467164.6146398,-1921786857.1082735,0,5522254021.722914,-51126914.90756178,0,1105256757.5647335,-404105213.3098241,-756935810.6174078,-106911181.27006018,24080419914.361156,14883718744.547596,9196701169.81356
2024-05-01,SPUL,24080419914.361153,14883718744.547594,9196701169.81356,5218015181.855119,4650755887.1714325,103197245.14659959,3005479343.2682414,1542079298.7565913,164527654.39031908,402731640.2933673,0,10501685828.304108,2723125991.1110315,3005479343.2682414,4773080493.924835,0,5283670646.448989,6326493025.985634,-1783027996.2842607,0,8109521022.269895,5881558338.05535,0,1222451346.9839807,-523915850.7376515,-4396940678.853948,2183153155.447732,25041121722.824905,13661267397.563614,11379854325.261293
2024-06-01,SPUL,25041121722.82491,13661267397.563614,11379854325.261295,5326313212.7200985,4679659871.448715,103970922.51163052,2954928616.367452,1620760332.5696325,172473125.50812632,474180215.7632566,0,4670592244.5581875,2685459359.4601655,2954928616.367452,-969795731.2694299,0,-655720968.161911,5835164819.460273,-2254282719.634283,0,8089447539.094556,-460944124.52925587,0,700645896.7331691,-121182485.1383045,5790412098.951909,5908931386.017518,30249407212.109257,12960621500.830444,17288785711.278812
2024-07-01,SPUL,30249407212.109253,12960621500.830446,17288785711.27881,5695427134.498412,4997410224.535341,109511110.68108054,2907921277.965612,1979977835.8886485,208948894.65697291,489068015.30609775,0,1863988843.2978525,2666436158.7934074,2907921277.965612,-3710368593.4611673,0,-3831438291.2005596,6426868831.35225,-2191421997.5773463,0,8618290828.929596,-2978926896.6073294,0,716499280.3882656,-155979947.3518576,3006356092.327729,587948528.7568078,30120856460.4778,12244122220.44218,17876734240.035618
2024-08-01,SPUL,30120856460.4778,12244122220.442179,17876734240.035618,6226119950.801893,5440242128.016169,116694600.66590133,2835612306.140312,2487935221.2099547,260462982.18758562,525414840.59813917,0,447066924.33798695,2662523165.514984,2835612306.140312,-5051068547.317309,0,-5779053026.463906,9039848996.820225,-2457889406.4327826,0,11497738403.253008,-2237339501.298977,0,377722899.70752954,-187841021.49755552,3444179610.228346,1396721987.139343,31139855547.90961,11866399320.73465,19273456227.17496
2024-09-01,SPUL,31139855547.90961,11866399320.73465,19273456227.17496,6253004797.239756,5382567169.423166,118295601.71210018,2752976930.7956347,2511294636.9154315,262959023.86275318,607478603.9538369,0,5056859892.24684,2646539924.983594,2752976930.7956347,-342656963.53238857,0,-1196144904.992916,7567216326.295207,-3078571716.767872,0,10645788043.06308,971554565.5230627,0,-325594785.9722371,545709580.5108374,8317009908.821687,9508679268.88335,40974129602.7652,12191994106.706886,28782135496.05831
2024-10-01,SPUL,40974129602.7652,12191994106.706886,28782135496.05831,5417843115.511232,4467770670.50897,119087794.42623626,2730811580.5672975,1617871295.5154362,173695908.99416724,776376536.0080947,0,3939233181.1541214,1697726081.842855,2730811580.5672975,-489304481.256031,0,-1478609934.357111,7067079378.914749,-1772993958.7532601,0,8840073337.668009,1159931782.1474857,0,957817621.8140373,2617743584.2668734,8969497803.487171,13704990791.715569,53721302772.66673,11234176484.892849,42487126287.77388
2024-11-01,SPUL,53721302772.66673,11234176484.892849,42487126287.77388,5460545782.417531,4712428329.074805,115464260.19520204,2673187108.515985,1923776960.3636186,203924122.05588207,544193331.2868431,0,6528564068.895245,2377464813.119162,2673187108.515985,1477912147.260097,0,1068018286.4777136,6753767871.772064,-1854799482.51277,0,8608567354.284834,2771134236.61463,0,818387626.0032151,-927352130.9951751,-21670990858.715645,-19008821127.092976,33894094019.57054,10415788858.889633,23478305160.68091
2024-12-01,SPUL,33894094019.57054,10415788858.889635,23478305160.68091,5208304054.463846,4499854750.479183,117554122.83678351,2483303222.917656,1898997404.724744,201655152.75615278,506794151.2285103,0,5409786522.668357,2212852004.0167346,2483303222.917656,713631295.7339661,0,201482468.2045107,5761815629.851232,-3584067513.5109158,0,9345883143.362148,1267142871.1213512,0,-1100764290.5932598,-1163495550.310037,3300504424.6305113,2303387454.848566,37298245765.01237,11516553149.482895,25781692615.529472
2024-01-01,SPUL_NEW,0.0,0.0,0.0,6252714.1635836605,4891755.255023562,843388.5799248426,1752737.0917653865,2295629.583333333,313901.8163258176,1047057.0922342811,0,4048366.6750987195,2295629.583333333,1752737.0917653865,0.0,0,-2204347.488484941,0.0,-18765659.899431705,0,18765659.899431705,-6252714.1635836605,0,-17012922.80766632,335803.135458712,0.0,-22929833.83579127,-5916911.028124951,17012922.80766632,-22929833.83579127
2024-02-01,SPUL_NEW,-5916911.028124958,17012922.807666317,-22929833.835791275,36781107.872186996,28701136.116229195,1555710.589684418,11576580.859878112,15568844.666666666,1712455.5256351086,6367516.23032269,0,27145425.52654478,15568844.666666666,11576580.859878112,0.0,0,-9635682.345642217,11095998.0,-95245200.3344429,0,106341198.3344429,-25685109.872186996,0,-83668619.47456479,3420118.2948849015,0.0,-105933611.05186687,-28181902.60542704,100681542.2822311,-128863444.88765815
2024-03-01,SPUL_NEW,-28181902.605427027,100681542.28223109,-128863444.88765812,99394829.80082166,75916789.55190906,2768625.6471378016,31287796.741997924,41860367.16277333,4462899.280991114,19015140.967921488,0,73148163.90477125,41860367.16277333,31287796.741997924,0.0,0,-26246665.89605041,14079693.600000001,-137277674.77899644,0,151357368.37899643,-85315136.20082167,0,-105989878.03699851,-263046.1813596086,0.0,-191568060.4191798,-113760084.98760831,206671420.3192296,-320431505.3068379
2024-04-01,SPUL_NEW,-113760084.98760831,206671420.3192296,-320431505.3068379,125010283.31058434,96445395.42590791,3471725.130362509,39833550.74658495,53140119.548960455,5661184.467932297,22903703.41674412,0,92973670.2955454,53140119.548960455,39833550.74658495,0.0,0,-32036613.015038937,9517253.1167,-89947775.08002491,0,99465028.1967249,-115493030.19388434,0,-50114224.33343996,1995066.221159043,783511.3000000007,-162828677.00616527,-226474537.66033363,256785644.65266955,-483260182.3130032
2024-05-01,SPUL_NEW,-226474537.66033363,256785644.65266955,-483260182.3130032,217771955.85569105,164780459.3238197,4472946.27592563,72844659.62200636,87462853.4258877,9193579.970181335,43797916.561689995,0,160307513.04789406,87462853.4258877,72844659.62200636,0.0,0,-57464442.807796985,15125520.631889665,-282040463.85953873,0,297165984.4914284,-202646435.22380137,0,-209195804.23753238,15754857.282932743,2798537.916472895,-393288844.2619281,-410567577.68472934,465981448.8902019,-876549026.5749313
2024-06-01,SPUL_NEW,-410567577.68472934,465981448.8902019,-876549026.5749313,393132751.76638305,283771809.9027927,6150981.722310634,138136687.78972593,139484140.39075616,14563512.211306682,94797429.65228368,0,277620828.1804821,139484140.39075616,138136687.78972593,0.0,0,-115511923.58590096,41211483.990941405,-442740809.73252904,0,483952293.72347045,-351921267.77544165,0,-304604121.94280314,33185873.400707535,33630160.973925024,-589709355.3436123,-695672811.0855385,770585570.8330051,-1466258381.9185436
2024-07-01,SPUL_NEW,-695672811.0855387,770585570.8330051,-1466258381.9185438,553889556.266151,400233301.3517393,9212522.305045174,196431787.11166924,194588991.93502486,20380151.424007002,133276103.49040471,0,391020779.0466941,194588991.93502486,196431787.11166924,0.0,0,-162868777.21945685,47604253.191096805,-493175775.8158205,0,540780029.0069174,-506285303.07505417,0,-296743988.7041513,-27097151.95768011,2612439.614045039,-827514004.1228405,-1226442826.5042279,1067329559.5371563,-2293772386.041384
2024-08-01,SPUL_NEW,-1226442826.5042279,1067329559.5371563,-2293772386.041384,695395016.5080378,508283170.52044475,13976767.363150688,243061471.22365022,251244931.93364385,26522169.929679453,160589676.05791366,0,494306403.15729403,251244931.93364385,243061471.22365022,0.0,0,-201088613.35074377,88166969.07977878,-415905703.17132384,0,504072672.2511026,-607228047.428259,0,-172844231.94767362,-81199037.26176865,38042554.24006918,-823228762.3976322,-1876827356.9541864,1240173791.48483,-3117001148.4390163
2024-09-01,SPUL_NEW,-1876827356.9541864,1240173791.48483,-3117001148.4390163,1073175530.5449924,797647435.9151692,23676510.55560717,373259466.8928433,400711458.4667188,42438796.902232595,233089297.7275906,0,773970925.3595622,400711458.4667188,373259466.8928433,0.0,0,-299204605.1854303,195006128.37474865,-1324832270.9193635,0,1519838399.2941122,-878169402.1702437,0,-951572804.0265203,-75124479.52386998,118877718.82501912,-1785988966.8956149,-2711243519.823281,2191746595.51135,-4902990115.334631
2024-10-01,SPUL_NEW,-2711243519.823281,2191746595.51135,-4902990115.334631,1889913105.6197114,1416730981.7764385,34260446.1931581,672161670.1463765,710308865.4369038,74456931.16300619,398725192.68026674,0,1382470535.5832803,710308865.4369038,672161670.1463765,0.0,0,-507442570.0364311,175955039.68208578,-3061716230.834292,0,3237671270.516378,-1713958065.9376256,0,-2389554560.6879153,157840600.95755905,66125371.22280049,-3879546654.445181,-4201235613.5805464,4581301156.1992655,-8782536769.779812
2024-11-01,SPUL_NEW,-4201235613.5805464,4581301156.1992655,-8782536769.779812,2155233577.2282476,1617487407.5648236,39061072.838477574,776534219.5294563,801892115.1968896,84095318.80353673,453650850.8598872,0,1578426334.726346,801892115.1968896,776534219.5294563,0.0,0,-576807242.5019016,212959183.9254242,-1120605782.0665295,0,1333564965.9919536,-1942274393.3028235,0,-344071562.53707325,229382527.96562335,277509453.6724076,-1779453974.2018657,-5636618025.245339,4925372718.736339,-10561990743.981678
2024-12-01,SPUL_NEW,-5636618025.245339,4925372718.736339,-10561990743.981678,2795564787.592776,2085211874.3067393,43983108.99346814,1037222042.0900402,1004006723.223231,104798983.22166991,605553930.0643668,0,2041228765.313271,1004006723.223231,1037222042.0900402,0.0,0,-754336022.2795048,443380727.9043859,-3128387977.2338657,0,3571768705.138252,-2352184059.68839,0,-2091165935.1438255,252749004.58648705,721399383.347613,-3469201606.8981156,-7014653696.999629,7016538653.880164,-14031192350.879793
2023-12-01,STAR PROTECTION SECURE PLAN,253317804.13493794,151700000.0,101617804.13493794,4762567.485199255,3842742.820741278,744409.4874079445,1690000.0,1408333.3333333333,215274.28207412778,704550.3823838489,0,3098333.333333333,1408333.3333333333,1690000.0,0.0,0,-1664234.151865922,80000000.0,-48000000.0,0,128000000.0,75237432.51480074,0,-46310000.0,2334213.672661327,0.0,31261646.18746207,330889450.3224,198010000.0,132879450.3224
2024-01-01,STAR PROTECTION SECURE PLAN,330889450.3224,198010000.0,132879450.3224,5157474.290037785,4136788.1664318778,763454.8330985443,1840000.0,1533333.3333333333,229678.81664318778,791007.3069627191,0,3373333.333333333,1533333.3333333333,1840000.0,0.0,0,-1784140.9567044517,30000000.0,-18000000.0,0,48000000.0,24842525.709962215,0,-16160000.0,1303618.235001538,0.0,9986143.944963753,357035594.2673638,214170000.0,142865594.26736376
2024-02-01,STAR PROTECTION SECURE PLAN,357035594.2673638,214170000.0,142865594.26736376,5159024.111341613,4136788.1664318773,763454.8330985443,1840000.0,1533333.333333333,229678.81664318778,792557.1282665478,0,3373333.333333333,1533333.333333333,1840000.0,0.0,0,-1785690.7780082803,0.0,0.0,0,0.0,-5159024.111341613,0,1840000.0,1462425.9059187397,0.0,-1856598.2054228736,353338996.0619409,212330000.0,141008996.06194088
2024-03-01,STAR PROTECTION SECURE PLAN,353338996.0619409,212330000.0,141008996.06194088,5347609.26811342,4279836.792292105,778170.1256254385,1910000.0,1591666.6666666665,236983.67922921054,830788.796592105,0,3501666.6666666665,1591666.6666666665,1910000.0,0.0,0,-1845942.6014467538,14000000.0,-8400000.0,0,22400000.0,8652390.73188658,0,-6490000.0,1664595.37228835,0.0,3826986.1041749306,363655982.1661158,218820000.0,144835982.16611582
2024-04-01,STAR PROTECTION SECURE PLAN,363655982.16611576,218820000.0,144835982.1661158,5349514.24754988,4279836.792292105,778170.1256254386,1910000.0,1591666.6666666665,236983.67922921054,832693.7760285651,0,3501666.6666666665,1591666.6666666665,1910000.0,0.0,0,-1847847.5808832138,0.0,0.0,0,0.0,-5349514.24754988,0,1910000.0,-654797.7550147101,0.0,-4094312.0025645904,357651670.1635512,216910000.0,140741670.1635512
2024-05-01,STAR PROTECTION SECURE PLAN,357651670.1635512,216910000.0,140741670.16355124,5351608.185299546,4279836.792292105,778170.1256254385,1910000.0,1591666.6666666665,236983.67922921054,834787.7137782313,0,3501666.6666666665,1591666.6666666665,1910000.0,0.0,0,-1849941.51863288,0.0,0.0,0,0.0,-5351608.185299546,0,1910000.0,-776550.1179505736,0.0,-4218158.30325012,351523511.86030114,215000000.0,136523511.8603011
2024-06-01,STAR PROTECTION SECURE PLAN,351523511.86030114,215000000.0,136523511.8603011,5354475.057327123,4279836.792292105,778170.1256254386,1910000.0,1591666.6666666665,236983.67922921054,837654.5858058084,0,3501666.6666666665,1591666.6666666665,1910000.0,0.0,0,-1852808.3906604568,0.0,0.0,0,0.0,-5354475.057327123,0,1910000.0,-2171917.734295931,0.0,-5616392.791623054,343997119.068678,213090000.0,130907119.06867805
2024-07-01,STAR PROTECTION SECURE PLAN,343997119.068678,213090000.0,130907119.06867805,5360020.612291342,4282709.720764864,781043.0540981977,1910000.0,1591666.6666666665,237270.97207648645,840039.9194499908,0,3501666.6666666665,1591666.6666666665,1910000.0,0.0,0,-1858353.9456246751,12000000.0,0.0,0,12000000.0,6639979.387708658,0,1910000.0,-1469027.906057375,0.0,7080951.481651284,349168070.5503293,211180000.0,137988070.55032933
2024-08-01,STAR PROTECTION SECURE PLAN,349168070.5503293,211180000.0,137988070.55032933,6698253.627142012,5270487.626434322,852154.2931009894,2410000.0,2008333.333333333,286048.7626434323,1141717.2380642574,0,4418333.333333333,2008333.333333333,2410000.0,0.0,0,-2279920.293808679,134000000.0,-60000000.0,0,194000000.0,127301746.37285799,0,-57590000.0,87338.77484400291,0.0,69799085.147702,476557155.6980313,268770000.0,207787155.6980313
2024-09-01,STAR PROTECTION SECURE PLAN,476557155.6980313,268770000.0,207787155.6980313,7239952.5746194385,5674846.655827159,889846.6558271593,2610000.0,2175000.0,306484.66558271594,1258621.2532095644,0,4785000.0,2175000.0,2610000.0,0.0,0,-2454952.5746194385,130000000.0,-24000000.0,0,154000000.0,122760047.42538056,0,-21390000.0,3871343.807768611,0.0,105241391.23314917,603188546.9311805,290160000.0,313028546.9311805
2024-10-01,STAR PROTECTION SECURE PLAN,603188546.9311805,290160000.0,313028546.93118054,7534217.153354068,5926251.128325379,957917.7949920462,2710000.0,2258333.333333333,321625.11283253797,1286340.9121961512,0,4968333.333333333,2258333.333333333,2710000.0,0.0,0,-2565883.8200207353,52000000.0,-12000000.0,0,64000000.0,44465782.84664593,0,-9290000.0,4167081.5823509507,0.0,39342864.428996876,651821411.3601774,299450000.0,352371411.3601774
2024-11-01,STAR PROTECTION SECURE PLAN,651821411.3601773,299450000.0,352371411.36017734,31566148.891457967,42735462.93301894,27840871.479089126,8660000.0,6234591.4539298145,3407546.2933018943,-14576860.334862867,0,14894591.453929815,6234591.4539298145,8660000.0,0.0,0,-16671557.437528152,100000000.0,-6000000.0,0,106000000.0,68433851.10854203,0,2660000.0,15952411.221097462,0.0,87046262.3296395,736207673.6898168,296790000.0,439417673.68981683
2024-12-01,STAR PROTECTION SECURE PLAN,736207673.689817,296790000.0,439417673.6898169,7660917.302712053,6033820.431611838,973820.4316118379,2760000.0,2299999.9999999995,327382.0431611838,1299714.8279390316,0,5060000.0,2299999.9999999995,2760000.0,0.0,0,-2600917.302712053,90000000.0,-6000000.0,0,96000000.0,82339082.69728795,0,-3240000.0,383961.79700472765,0.0,79483044.49429268,818930718.1841096,300030000.0,518900718.18410957
