IFRS_MONTH,NAMA_PRODUK,KEY,LIABILITY,TOTAL_LIABILITY,DISTRIBUSI,% LIABILITY
2023-12-01,AJK,300_2_2020,2326287.746473,1886202857.0288918,Mikro & UMKM Bank Sinarmas,0.12 %
2024-01-01,AJK,300_2_2020,2107278.6163514657,1827385692.5509748,Mikro & UMKM Bank Sinarmas,0.12 %
2024-02-01,AJK,300_2_2020,1901759.4244957063,1801182244.1636555,Mikro & UMKM Bank Sinarmas,0.11 %
2024-03-01,AJK,300_2_2020,1710974.927788111,1799479504.3960264,Mikro & UMKM Bank Sinarmas,0.10 %
2024-04-01,AJK,300_2_2020,1531903.0139290213,1785819050.493776,Mikro & UMKM Bank Sinarmas,0.09 %
2024-05-01,AJK,300_2_2020,1365451.6958362882,1760795872.93398,Mikro & UMKM Bank Sinarmas,0.08 %
2024-06-01,AJK,300_2_2020,1213547.992749171,1795386397.5070062,Mikro & UMKM Bank Sinarmas,0.07 %
2024-07-01,AJK,300_2_2020,1072667.9924483595,1869512604.1376579,Mikro & UMKM Bank Sinarmas,0.06 %
2024-08-01,AJK,300_2_2020,943488.907457244,1926648560.0190544,Mikro & UMKM Bank Sinarmas,0.05 %
2024-09-01,AJK,300_2_2020,826236.6924506726,1973029698.6370227,Mikro & UMKM Bank Sinarmas,0.04 %
2024-10-01,AJK,300_2_2020,721287.3129905479,2049114222.7608078,Mikro & UMKM Bank Sinarmas,0.04 %
2024-12-01,AJK,300_2_2020,547715.8680506491,2386010513.805655,Mikro & UMKM Bank Sinarmas,0.02 %
2023-12-01,AJK,300_2_2021,17192815.358740002,1886202857.0288918,Mikro & UMKM Bank Sinarmas,0.91 %
2024-01-01,AJK,300_2_2021,16383036.943309456,1827385692.5509748,Mikro & UMKM Bank Sinarmas,0.90 %
2024-02-01,AJK,300_2_2021,15658171.283290677,1801182244.1636555,Mikro & UMKM Bank Sinarmas,0.87 %
2024-03-01,AJK,300_2_2021,14967667.12346681,1799479504.3960264,Mikro & UMKM Bank Sinarmas,0.83 %
2024-04-01,AJK,300_2_2021,14305545.52041221,1785819050.493776,Mikro & UMKM Bank Sinarmas,0.80 %
2024-05-01,AJK,300_2_2021,13693267.77506007,1760795872.93398,Mikro & UMKM Bank Sinarmas,0.78 %
2024-06-01,AJK,300_2_2021,13141117.293447,1795386397.5070062,Mikro & UMKM Bank Sinarmas,0.73 %
2024-07-01,AJK,300_2_2021,12604142.552268216,1869512604.1376579,Mikro & UMKM Bank Sinarmas,0.67 %
2024-08-01,AJK,300_2_2021,12062635.549991518,1926648560.0190544,Mikro & UMKM Bank Sinarmas,0.63 %
2024-09-01,AJK,300_2_2021,11542355.38192085,1973029698.6370227,Mikro & UMKM Bank Sinarmas,0.59 %
2024-10-01,AJK,300_2_2021,11040364.897416826,2049114222.7608078,Mikro & UMKM Bank Sinarmas,0.54 %
2024-11-01,AJK,300_2_2021,10546231.794958502,2174096735.075345,Mikro & UMKM Bank Sinarmas,0.49 %
2024-12-01,AJK,300_2_2021,10064662.58005094,2386010513.805655,Mikro & UMKM Bank Sinarmas,0.42 %
2023-12-01,AJK,300_2_2022,11884924.007,1886202857.0288918,Mikro & UMKM Bank Sinarmas,0.63 %
2024-01-01,AJK,300_2_2022,11567437.782139055,1827385692.5509748,Mikro & UMKM Bank Sinarmas,0.63 %
2024-02-01,AJK,300_2_2022,11250744.732459238,1801182244.1636555,Mikro & UMKM Bank Sinarmas,0.62 %
2024-03-01,AJK,300_2_2022,10925358.123065349,1799479504.3960264,Mikro & UMKM Bank Sinarmas,0.61 %
2024-04-01,AJK,300_2_2022,10584047.160514869,1785819050.493776,Mikro & UMKM Bank Sinarmas,0.59 %
2024-05-01,AJK,300_2_2022,10248308.150859904,1760795872.93398,Mikro & UMKM Bank Sinarmas,0.58 %
2024-06-01,AJK,300_2_2022,9912389.059082292,1795386397.5070062,Mikro & UMKM Bank Sinarmas,0.55 %
2024-07-01,AJK,300_2_2022,9584793.874595264,1869512604.1376579,Mikro & UMKM Bank Sinarmas,0.51 %
2024-08-01,AJK,300_2_2022,9267882.894782456,1926648560.0190544,Mikro & UMKM Bank Sinarmas,0.48 %
2024-09-01,AJK,300_2_2022,8962721.76901995,1973029698.6370227,Mikro & UMKM Bank Sinarmas,0.45 %
2024-10-01,AJK,300_2_2022,8664575.758114936,2049114222.7608078,Mikro & UMKM Bank Sinarmas,0.42 %
2024-11-01,AJK,300_2_2022,8365112.995371675,2174096735.075345,Mikro & UMKM Bank Sinarmas,0.38 %
2024-12-01,AJK,300_2_2022,8069436.90364596,2386010513.805655,Mikro & UMKM Bank Sinarmas,0.34 %
2023-12-01,AJK,300_3_2021,3855446.20658,1886202857.0288918,KKPM Koperasi Insan Bersama Sejahtera,0.20 %
2024-01-01,AJK,300_3_2021,3490743.420618304,1827385692.5509748,KKPM Koperasi Insan Bersama Sejahtera,0.19 %
2024-02-01,AJK,300_3_2021,3390492.220706744,1801182244.1636555,KKPM Koperasi Insan Bersama Sejahtera,0.19 %
2024-03-01,AJK,300_3_2021,3166644.0771240583,1799479504.3960264,KKPM Koperasi Insan Bersama Sejahtera,0.18 %
2024-04-01,AJK,300_3_2021,2947495.63238868,1785819050.493776,KKPM Koperasi Insan Bersama Sejahtera,0.17 %
2024-05-01,AJK,300_3_2021,2734467.35619674,1760795872.93398,KKPM Koperasi Insan Bersama Sejahtera,0.16 %
2024-06-01,AJK,300_3_2021,2433311.298551965,1795386397.5070062,KKPM Koperasi Insan Bersama Sejahtera,0.14 %
2024-07-01,AJK,300_3_2021,2329030.730268797,1869512604.1376579,KKPM Koperasi Insan Bersama Sejahtera,0.12 %
2024-08-01,AJK,300_3_2021,2051444.7585382727,1926648560.0190544,KKPM Koperasi Insan Bersama Sejahtera,0.11 %
2024-09-01,AJK,300_3_2021,1947592.3045208117,1973029698.6370227,KKPM Koperasi Insan Bersama Sejahtera,0.10 %
2024-10-01,AJK,300_3_2021,1690227.7101889565,2049114222.7608078,KKPM Koperasi Insan Bersama Sejahtera,0.08 %
2024-11-01,AJK,300_3_2021,1591807.0715754,2174096735.075345,KKPM Koperasi Insan Bersama Sejahtera,0.07 %
2024-12-01,AJK,300_3_2021,1341951.2567964387,2386010513.805655,KKPM Koperasi Insan Bersama Sejahtera,0.06 %
2023-12-01,AJK,300_5_2021,2843769.32906,1886202857.0288918,KMG Danamas,0.15 %
2024-01-01,AJK,300_5_2021,4269849.85196876,1827385692.5509748,KMG Danamas,0.23 %
2024-02-01,AJK,300_5_2021,4144902.4863553327,1801182244.1636555,KMG Danamas,0.23 %
2024-03-01,AJK,300_5_2021,4021287.761372308,1799479504.3960264,KMG Danamas,0.22 %
2024-04-01,AJK,300_5_2021,3896675.696266103,1785819050.493776,KMG Danamas,0.22 %
2024-05-01,AJK,300_5_2021,3774992.779452344,1760795872.93398,KMG Danamas,0.21 %
2024-06-01,AJK,300_5_2021,3655901.976522313,1795386397.5070062,KMG Danamas,0.20 %
2024-07-01,AJK,300_5_2021,3538018.437919955,1869512604.1376579,KMG Danamas,0.19 %
2024-08-01,AJK,300_5_2021,3425310.389196677,1926648560.0190544,KMG Danamas,0.18 %
2024-09-01,AJK,300_5_2021,3317976.4088282296,1973029698.6370227,KMG Danamas,0.17 %
2024-10-01,AJK,300_5_2021,3213387.02797441,2049114222.7608078,KMG Danamas,0.16 %
2024-11-01,AJK,300_5_2021,3104027.812142755,2174096735.075345,KMG Danamas,0.14 %
2024-12-01,AJK,300_5_2021,2992317.1517299823,2386010513.805655,KMG Danamas,0.13 %
2023-12-01,AJK,300_5_2022,518534122.2493,1886202857.0288918,KMG Danamas,27.49 %
2024-01-01,AJK,300_5_2022,513029838.600206,1827385692.5509748,KMG Danamas,28.07 %
2024-02-01,AJK,300_5_2022,507596171.6520004,1801182244.1636555,KMG Danamas,28.18 %
2024-03-01,AJK,300_5_2022,501901927.5806791,1799479504.3960264,KMG Danamas,27.89 %
2024-04-01,AJK,300_5_2022,495591578.6977643,1785819050.493776,KMG Danamas,27.75 %
2024-05-01,AJK,300_5_2022,489076127.873192,1760795872.93398,KMG Danamas,27.78 %
2024-06-01,AJK,300_5_2022,482258922.4933219,1795386397.5070062,KMG Danamas,26.86 %
2024-07-01,AJK,300_5_2022,475719759.9762892,1869512604.1376579,KMG Danamas,25.45 %
2024-08-01,AJK,300_5_2022,469595648.43661696,1926648560.0190544,KMG Danamas,24.37 %
2024-09-01,AJK,300_5_2022,464098890.644501,1973029698.6370227,KMG Danamas,23.52 %
2024-10-01,AJK,300_5_2022,458553505.3663893,2049114222.7608078,KMG Danamas,22.38 %
2024-11-01,AJK,300_5_2022,452556745.0703965,2174096735.075345,KMG Danamas,20.82 %
2024-12-01,AJK,300_5_2022,446276401.3384168,2386010513.805655,KMG Danamas,18.70 %
2023-12-01,AJK,300_6_2023,279646180.042612,1886202857.0288918,KMG Bank Ganesha,14.83 %
2024-01-01,AJK,300_6_2023,268610216.6826089,1827385692.5509748,KMG Bank Ganesha,14.70 %
2024-02-01,AJK,300_6_2023,257834830.68962696,1801182244.1636555,KMG Bank Ganesha,14.31 %
2024-03-01,AJK,300_6_2023,247254745.6844699,1799479504.3960264,KMG Bank Ganesha,13.74 %
2024-04-01,AJK,300_6_2023,236737163.90837756,1785819050.493776,KMG Bank Ganesha,13.26 %
2024-05-01,AJK,300_6_2023,226359756.2092761,1760795872.93398,KMG Bank Ganesha,12.86 %
2024-06-01,AJK,300_6_2023,216100685.25735995,1795386397.5070062,KMG Bank Ganesha,12.04 %
2024-07-01,AJK,300_6_2023,206027206.8591091,1869512604.1376579,KMG Bank Ganesha,11.02 %
2024-08-01,AJK,300_6_2023,196182348.73276156,1926648560.0190544,KMG Bank Ganesha,10.18 %
2024-09-01,AJK,300_6_2023,186616233.9037881,1973029698.6370227,KMG Bank Ganesha,9.46 %
2024-10-01,AJK,300_6_2023,177253704.07257056,2049114222.7608078,KMG Bank Ganesha,8.65 %
2024-11-01,AJK,300_6_2023,168018438.00792682,2174096735.075345,KMG Bank Ganesha,7.73 %
2024-12-01,AJK,300_6_2023,158983634.7281813,2386010513.805655,KMG Bank Ganesha,6.66 %
2024-01-01,AJK,300_6_2024,33783623.45569426,1827385692.5509748,KMG Bank Ganesha,1.85 %
2024-02-01,AJK,300_6_2024,70093880.49886847,1801182244.1636555,KMG Bank Ganesha,3.89 %
2024-03-01,AJK,300_6_2024,100853499.30462456,1799479504.3960264,KMG Bank Ganesha,5.60 %
2024-04-01,AJK,300_6_2024,120577476.91376255,1785819050.493776,KMG Bank Ganesha,6.75 %
2024-05-01,AJK,300_6_2024,126440567.97036652,1760795872.93398,KMG Bank Ganesha,7.18 %
2024-06-01,AJK,300_6_2024,170056171.7713454,1795386397.5070062,KMG Bank Ganesha,9.47 %
2024-07-01,AJK,300_6_2024,201817599.60677543,1869512604.1376579,KMG Bank Ganesha,10.80 %
2024-08-01,AJK,300_6_2024,230921088.90856132,1926648560.0190544,KMG Bank Ganesha,11.99 %
2024-09-01,AJK,300_6_2024,254264988.89929903,1973029698.6370227,KMG Bank Ganesha,12.89 %
2024-10-01,AJK,300_6_2024,275388934.778362,2049114222.7608078,KMG Bank Ganesha,13.44 %
2024-11-01,AJK,300_6_2024,287108973.24318063,2174096735.075345,KMG Bank Ganesha,13.21 %
2024-12-01,AJK,300_6_2024,298021295.239433,2386010513.805655,KMG Bank Ganesha,12.49 %
2024-09-01,AJK,300_7_2023,-3.057718276977539e-05,1973029698.6370227,KMG Amartha Mikro Fintek,-0.00 %
2023-12-01,AJK,301_1_2020,116527.05776999996,1886202857.0288918,KMG Koperasi RSPAD Gatot Soebroto,0.01 %
2024-01-01,AJK,301_1_2020,104406.05221117898,1827385692.5509748,KMG Koperasi RSPAD Gatot Soebroto,0.01 %
2024-02-01,AJK,301_1_2020,92995.31583123552,1801182244.1636555,KMG Koperasi RSPAD Gatot Soebroto,0.01 %
2024-03-01,AJK,301_1_2020,82316.87988844089,1799479504.3960264,KMG Koperasi RSPAD Gatot Soebroto,0.00 %
2024-04-01,AJK,301_1_2020,72313.75791070587,1785819050.493776,KMG Koperasi RSPAD Gatot Soebroto,0.00 %
2024-05-01,AJK,301_1_2020,63069.96957314866,1760795872.93398,KMG Koperasi RSPAD Gatot Soebroto,0.00 %
2024-06-01,AJK,301_1_2020,54598.91239952534,1795386397.5070062,KMG Koperasi RSPAD Gatot Soebroto,0.00 %
2024-07-01,AJK,301_1_2020,46934.05985416935,1869512604.1376579,KMG Koperasi RSPAD Gatot Soebroto,0.00 %
2024-08-01,AJK,301_1_2020,41846.99521038844,1926648560.0190544,KMG Koperasi RSPAD Gatot Soebroto,0.00 %
2024-09-01,AJK,301_1_2020,36650.27456559928,1973029698.6370227,KMG Koperasi RSPAD Gatot Soebroto,0.00 %
2024-10-01,AJK,301_1_2020,31735.79436615076,2049114222.7608078,KMG Koperasi RSPAD Gatot Soebroto,0.00 %
2024-11-01,AJK,301_1_2020,27107.246817583728,2174096735.075345,KMG Koperasi RSPAD Gatot Soebroto,0.00 %
2024-12-01,AJK,301_1_2020,22774.83837373629,2386010513.805655,KMG Koperasi RSPAD Gatot Soebroto,0.00 %
2023-12-01,AJK,301_2_2021,276546.7941875,1886202857.0288918,KMG Koperasi Indosatu Mitra Fortuna,0.01 %
2024-01-01,AJK,301_2_2021,240382.9081548128,1827385692.5509748,KMG Koperasi Indosatu Mitra Fortuna,0.01 %
2024-02-01,AJK,301_2_2021,207193.0337710009,1801182244.1636555,KMG Koperasi Indosatu Mitra Fortuna,0.01 %
2024-06-01,AJK,301_2_2021,108963.99402026652,1795386397.5070062,KMG Koperasi Indosatu Mitra Fortuna,0.01 %
2024-08-01,AJK,301_2_2021,76680.86599928653,1926648560.0190544,KMG Koperasi Indosatu Mitra Fortuna,0.00 %
2024-09-01,AJK,301_2_2021,66682.75055638116,1973029698.6370227,KMG Koperasi Indosatu Mitra Fortuna,0.00 %
2024-10-01,AJK,301_2_2021,59125.32186092879,2049114222.7608078,KMG Koperasi Indosatu Mitra Fortuna,0.00 %
2024-11-01,AJK,301_2_2021,54112.91775408588,2174096735.075345,KMG Koperasi Indosatu Mitra Fortuna,0.00 %
2023-12-01,AJK,301_2_2022,912307.4649401,1886202857.0288918,KMG Koperasi Indosatu Mitra Fortuna,0.05 %
2024-01-01,AJK,301_2_2022,810470.6307444607,1827385692.5509748,KMG Koperasi Indosatu Mitra Fortuna,0.04 %
2024-02-01,AJK,301_2_2022,648430.5068933549,1801182244.1636555,KMG Koperasi Indosatu Mitra Fortuna,0.04 %
2024-03-01,AJK,301_2_2022,629684.0897796047,1799479504.3960264,KMG Koperasi Indosatu Mitra Fortuna,0.03 %
2024-04-01,AJK,301_2_2022,552060.188490246,1785819050.493776,KMG Koperasi Indosatu Mitra Fortuna,0.03 %
2024-05-01,AJK,301_2_2022,480241.823664193,1760795872.93398,KMG Koperasi Indosatu Mitra Fortuna,0.03 %
2024-06-01,AJK,301_2_2022,414794.2815898896,1795386397.5070062,KMG Koperasi Indosatu Mitra Fortuna,0.02 %
2024-07-01,AJK,301_2_2022,354847.7350839924,1869512604.1376579,KMG Koperasi Indosatu Mitra Fortuna,0.02 %
2024-08-01,AJK,301_2_2022,300817.03354007145,1926648560.0190544,KMG Koperasi Indosatu Mitra Fortuna,0.02 %
2024-09-01,AJK,301_2_2022,252351.5381103612,1973029698.6370227,KMG Koperasi Indosatu Mitra Fortuna,0.01 %
2024-10-01,AJK,301_2_2022,209289.19853401976,2049114222.7608078,KMG Koperasi Indosatu Mitra Fortuna,0.01 %
2024-11-01,AJK,301_2_2022,171016.13405892148,2174096735.075345,KMG Koperasi Indosatu Mitra Fortuna,0.01 %
2023-12-01,AJK,301_2_2023,2213634.4151012,1886202857.0288918,KMG Koperasi Indosatu Mitra Fortuna,0.12 %
2024-01-01,AJK,301_2_2023,1987856.6457859888,1827385692.5509748,KMG Koperasi Indosatu Mitra Fortuna,0.11 %
2024-02-01,AJK,301_2_2023,1777135.3128747777,1801182244.1636555,KMG Koperasi Indosatu Mitra Fortuna,0.10 %
2024-03-01,AJK,301_2_2023,1581384.4631554058,1799479504.3960264,KMG Koperasi Indosatu Mitra Fortuna,0.09 %
2024-04-01,AJK,301_2_2023,1400071.7251423183,1785819050.493776,KMG Koperasi Indosatu Mitra Fortuna,0.08 %
2024-05-01,AJK,301_2_2023,1234552.5872789712,1760795872.93398,KMG Koperasi Indosatu Mitra Fortuna,0.07 %
2024-06-01,AJK,301_2_2023,1084710.3198276253,1795386397.5070062,KMG Koperasi Indosatu Mitra Fortuna,0.06 %
2024-07-01,AJK,301_2_2023,951229.9317329348,1869512604.1376579,KMG Koperasi Indosatu Mitra Fortuna,0.05 %
2024-08-01,AJK,301_2_2023,833396.5474393549,1926648560.0190544,KMG Koperasi Indosatu Mitra Fortuna,0.04 %
2024-10-01,AJK,301_2_2023,656814.1285694719,2049114222.7608078,KMG Koperasi Indosatu Mitra Fortuna,0.03 %
2024-12-01,AJK,301_2_2023,498949.36847549817,2386010513.805655,KMG Koperasi Indosatu Mitra Fortuna,0.02 %
2024-02-01,AJK,301_2_2024,494445.7929509688,1801182244.1636555,KMG Koperasi Indosatu Mitra Fortuna,0.03 %
2024-05-01,AJK,301_2_2024,1104692.2113723168,1760795872.93398,KMG Koperasi Indosatu Mitra Fortuna,0.06 %
2024-06-01,AJK,301_2_2024,1167824.924214559,1795386397.5070062,KMG Koperasi Indosatu Mitra Fortuna,0.07 %
2024-07-01,AJK,301_2_2024,1636942.3541732442,1869512604.1376579,KMG Koperasi Indosatu Mitra Fortuna,0.09 %
2024-08-01,AJK,301_2_2024,1765546.3636619053,1926648560.0190544,KMG Koperasi Indosatu Mitra Fortuna,0.09 %
2024-09-01,AJK,301_2_2024,2640750.145506402,1973029698.6370227,KMG Koperasi Indosatu Mitra Fortuna,0.13 %
2024-10-01,AJK,301_2_2024,3185392.2274284363,2049114222.7608078,KMG Koperasi Indosatu Mitra Fortuna,0.16 %
2024-11-01,AJK,301_2_2024,2981136.7902033487,2174096735.075345,KMG Koperasi Indosatu Mitra Fortuna,0.14 %
2024-12-01,AJK,301_2_2024,3323037.5329540195,2386010513.805655,KMG Koperasi Indosatu Mitra Fortuna,0.14 %
2023-12-01,AJK,301_3_2022,381860.97097,1886202857.0288918,KMG BPR Daya Lumbung Asia,0.02 %
2024-01-01,AJK,301_3_2022,340283.72516159393,1827385692.5509748,KMG BPR Daya Lumbung Asia,0.02 %
2024-02-01,AJK,301_3_2022,301400.7913147914,1801182244.1636555,KMG BPR Daya Lumbung Asia,0.02 %
2024-03-01,AJK,301_3_2022,262673.42836373,1799479504.3960264,KMG BPR Daya Lumbung Asia,0.01 %
2024-04-01,AJK,301_3_2022,226475.97695206304,1785819050.493776,KMG BPR Daya Lumbung Asia,0.01 %
2024-05-01,AJK,301_3_2022,193853.75070140432,1760795872.93398,KMG BPR Daya Lumbung Asia,0.01 %
2024-06-01,AJK,301_3_2022,163684.53601637244,1795386397.5070062,KMG BPR Daya Lumbung Asia,0.01 %
2024-07-01,AJK,301_3_2022,136052.21513567085,1869512604.1376579,KMG BPR Daya Lumbung Asia,0.01 %
2024-08-01,AJK,301_3_2022,110980.9668571059,1926648560.0190544,KMG BPR Daya Lumbung Asia,0.01 %
2024-09-01,AJK,301_3_2022,88559.36594435165,1973029698.6370227,KMG BPR Daya Lumbung Asia,0.00 %
2024-10-01,AJK,301_3_2022,68849.68498125486,2049114222.7608078,KMG BPR Daya Lumbung Asia,0.00 %
2024-11-01,AJK,301_3_2022,51913.240642346325,2174096735.075345,KMG BPR Daya Lumbung Asia,0.00 %
2024-12-01,AJK,301_3_2022,40102.73350107443,2386010513.805655,KMG BPR Daya Lumbung Asia,0.00 %
2023-12-01,AJK,304_3_2023,24982160.10333,1886202857.0288918,KMG MPP Bank Bukopin,1.32 %
2024-01-01,AJK,304_3_2023,24824118.221001383,1827385692.5509748,KMG MPP Bank Bukopin,1.36 %
2024-02-01,AJK,304_3_2023,24661267.24695584,1801182244.1636555,KMG MPP Bank Bukopin,1.37 %
2024-03-01,AJK,304_3_2023,24490507.63745011,1799479504.3960264,KMG MPP Bank Bukopin,1.36 %
2024-04-01,AJK,304_3_2023,24291450.64209253,1785819050.493776,KMG MPP Bank Bukopin,1.36 %
2024-05-01,AJK,304_3_2023,24086564.69575401,1760795872.93398,KMG MPP Bank Bukopin,1.37 %
2024-06-01,AJK,304_3_2023,23866318.32821429,1795386397.5070062,KMG MPP Bank Bukopin,1.33 %
2024-07-01,AJK,304_3_2023,23634533.940935872,1869512604.1376579,KMG MPP Bank Bukopin,1.26 %
2024-08-01,AJK,304_3_2023,23425550.13942098,1926648560.0190544,KMG MPP Bank Bukopin,1.22 %
2024-09-01,AJK,304_3_2023,23267184.692837704,1973029698.6370227,KMG MPP Bank Bukopin,1.18 %
2024-10-01,AJK,304_3_2023,23104238.98856701,2049114222.7608078,KMG MPP Bank Bukopin,1.13 %
2024-11-01,AJK,304_3_2023,22921433.76321913,2174096735.075345,KMG MPP Bank Bukopin,1.05 %
2024-12-01,AJK,304_3_2023,22707241.42345821,2386010513.805655,KMG MPP Bank Bukopin,0.95 %
2023-12-01,AJK,308_2_2023,16986783.9523672,1886202857.0288918,KMG Koperasi RSPAD Gatot Soebroto,0.90 %
2024-01-01,AJK,308_2_2023,16057145.518016731,1827385692.5509748,KMG Koperasi RSPAD Gatot Soebroto,0.88 %
2024-02-01,AJK,308_2_2023,15188997.051239332,1801182244.1636555,KMG Koperasi RSPAD Gatot Soebroto,0.84 %
2024-03-01,AJK,308_2_2023,14366751.987120688,1799479504.3960264,KMG Koperasi RSPAD Gatot Soebroto,0.80 %
2024-04-01,AJK,308_2_2023,13574423.773395471,1785819050.493776,KMG Koperasi RSPAD Gatot Soebroto,0.76 %
2024-05-01,AJK,308_2_2023,12820826.26903766,1760795872.93398,KMG Koperasi RSPAD Gatot Soebroto,0.73 %
2024-06-01,AJK,308_2_2023,12098129.84473975,1795386397.5070062,KMG Koperasi RSPAD Gatot Soebroto,0.67 %
2024-07-01,AJK,308_2_2023,11417399.84605706,1869512604.1376579,KMG Koperasi RSPAD Gatot Soebroto,0.61 %
2024-08-01,AJK,308_2_2023,10778288.49958333,1926648560.0190544,KMG Koperasi RSPAD Gatot Soebroto,0.56 %
2024-09-01,AJK,308_2_2023,10173013.687129589,1973029698.6370227,KMG Koperasi RSPAD Gatot Soebroto,0.52 %
2024-10-01,AJK,308_2_2023,9602063.595049206,2049114222.7608078,KMG Koperasi RSPAD Gatot Soebroto,0.47 %
2024-11-01,AJK,308_2_2023,9050784.883350275,2174096735.075345,KMG Koperasi RSPAD Gatot Soebroto,0.42 %
2024-12-01,AJK,308_2_2023,8526100.488345591,2386010513.805655,KMG Koperasi RSPAD Gatot Soebroto,0.36 %
2024-01-01,AJK,308_2_2024,216777.60482076817,1827385692.5509748,KMG Koperasi RSPAD Gatot Soebroto,0.01 %
2024-02-01,AJK,308_2_2024,5726523.364826021,1801182244.1636555,KMG Koperasi RSPAD Gatot Soebroto,0.32 %
2024-03-01,AJK,308_2_2024,5408698.016522001,1799479504.3960264,KMG Koperasi RSPAD Gatot Soebroto,0.30 %
2024-04-01,AJK,308_2_2024,5101361.1854195455,1785819050.493776,KMG Koperasi RSPAD Gatot Soebroto,0.29 %
2024-05-01,AJK,308_2_2024,11066513.874777434,1760795872.93398,KMG Koperasi RSPAD Gatot Soebroto,0.63 %
2024-07-01,AJK,308_2_2024,16571561.952783708,1869512604.1376579,KMG Koperasi RSPAD Gatot Soebroto,0.89 %
2024-08-01,AJK,308_2_2024,15808335.324121684,1926648560.0190544,KMG Koperasi RSPAD Gatot Soebroto,0.82 %
2024-10-01,AJK,308_2_2024,17674635.16735602,2049114222.7608078,KMG Koperasi RSPAD Gatot Soebroto,0.86 %
2024-11-01,AJK,308_2_2024,19965873.47499169,2174096735.075345,KMG Koperasi RSPAD Gatot Soebroto,0.92 %
2024-12-01,AJK,308_2_2024,19603486.952295985,2386010513.805655,KMG Koperasi RSPAD Gatot Soebroto,0.82 %
2024-10-01,AJK,310_1_2024,18989535.168980982,2049114222.7608078,UMKM & Mikro Bank SInarmas,0.93 %
2024-11-01,AJK,310_1_2024,121511861.40838996,2174096735.075345,UMKM & Mikro Bank SInarmas,5.59 %
2024-12-01,AJK,310_1_2024,297649313.2988824,2386010513.805655,UMKM & Mikro Bank SInarmas,12.47 %
2023-12-01,AJK_RELIFE,AJK_Relife_11,4416799.708,355476701.07726103,,1.24 %
2024-01-01,AJK_RELIFE,AJK_Relife_11,3336360.034806164,164145615.36747727,,2.03 %
2024-02-01,AJK_RELIFE,AJK_Relife_11,3256017.3730201675,155979895.84289935,,2.09 %
2024-03-01,AJK_RELIFE,AJK_Relife_11,3175421.1858094586,147998872.87577632,,2.15 %
2024-04-01,AJK_RELIFE,AJK_Relife_11,3093000.9913876555,140232345.18887743,,2.21 %
2024-05-01,AJK_RELIFE,AJK_Relife_11,3012087.5135644963,153198957.85028368,,1.97 %
2024-06-01,AJK_RELIFE,AJK_Relife_11,2933050.1400299887,144568468.0698982,,2.03 %
2024-07-01,AJK_RELIFE,AJK_Relife_11,2853920.674402237,136274953.32239684,,2.09 %
2024-08-01,AJK_RELIFE,AJK_Relife_11,2777670.576947131,128374393.39870813,,2.16 %
2024-09-01,AJK_RELIFE,AJK_Relife_11,2704052.24761409,120896071.4281415,,2.24 %
2024-10-01,AJK_RELIFE,AJK_Relife_11,2632188.1794732795,113749678.70141211,,2.31 %
2024-11-01,AJK_RELIFE,AJK_Relife_11,2559306.827585521,106857130.85446005,,2.40 %
2024-12-01,AJK_RELIFE,AJK_Relife_11,2482972.555346286,100256349.91517736,,2.48 %
2023-12-01,AJK_RELIFE,AJK_Relife_12,2607409.064,355476701.07726103,,0.73 %
2024-01-01,AJK_RELIFE,AJK_Relife_12,1550398.974752572,164145615.36747727,,0.94 %
2024-02-01,AJK_RELIFE,AJK_Relife_12,1484786.550726983,155979895.84289935,,0.95 %
2024-03-01,AJK_RELIFE,AJK_Relife_12,1420273.3839502586,147998872.87577632,,0.96 %
2024-04-01,AJK_RELIFE,AJK_Relife_12,1355855.1537485346,140232345.18887743,,0.97 %
2024-05-01,AJK_RELIFE,AJK_Relife_12,1292665.180055866,153198957.85028368,,0.84 %
2024-06-01,AJK_RELIFE,AJK_Relife_12,1230881.7471349929,144568468.0698982,,0.85 %
2024-07-01,AJK_RELIFE,AJK_Relife_12,1170586.0922802277,136274953.32239684,,0.86 %
2024-08-01,AJK_RELIFE,AJK_Relife_12,1111656.6397668938,128374393.39870813,,0.87 %
2024-09-01,AJK_RELIFE,AJK_Relife_12,1053131.6624190928,120896071.4281415,,0.87 %
2024-10-01,AJK_RELIFE,AJK_Relife_12,996107.8539144372,113749678.70141211,,0.88 %
2024-11-01,AJK_RELIFE,AJK_Relife_12,940056.22913898,106857130.85446005,,0.88 %
2024-12-01,AJK_RELIFE,AJK_Relife_12,883552.2323236072,100256349.91517736,,0.88 %
2023-12-01,AJK_RELIFE,AJK_Relife_13,101075462.76601,355476701.07726103,,28.43 %
2024-01-01,AJK_RELIFE,AJK_Relife_13,42622289.09776703,164145615.36747727,,25.97 %
2024-02-01,AJK_RELIFE,AJK_Relife_13,38127968.00003582,155979895.84289935,,24.44 %
2024-03-01,AJK_RELIFE,AJK_Relife_13,33878977.508747205,147998872.87577632,,22.89 %
2024-04-01,AJK_RELIFE,AJK_Relife_13,29883183.663885716,140232345.18887743,,21.31 %
2024-05-01,AJK_RELIFE,AJK_Relife_13,26078048.644685507,153198957.85028368,,17.02 %
2024-06-01,AJK_RELIFE,AJK_Relife_13,22408807.475850925,144568468.0698982,,15.50 %
2024-07-01,AJK_RELIFE,AJK_Relife_13,18988347.483104512,136274953.32239684,,13.93 %
2024-08-01,AJK_RELIFE,AJK_Relife_13,15825540.4543408,128374393.39870813,,12.33 %
2024-09-01,AJK_RELIFE,AJK_Relife_13,12927345.130252644,120896071.4281415,,10.69 %
2024-10-01,AJK_RELIFE,AJK_Relife_13,10299688.467276588,113749678.70141211,,9.05 %
2024-11-01,AJK_RELIFE,AJK_Relife_13,7950295.86737062,106857130.85446005,,7.44 %
2024-12-01,AJK_RELIFE,AJK_Relife_13,5887077.608671561,100256349.91517736,,5.87 %
2023-12-01,AJK_RELIFE,AJK_Relife_14,225237905.183521,355476701.07726103,,63.36 %
2024-01-01,AJK_RELIFE,AJK_Relife_14,100361655.50000252,164145615.36747727,,61.14 %
2024-02-01,AJK_RELIFE,AJK_Relife_14,97479015.91545165,155979895.84289935,,62.49 %
2024-03-01,AJK_RELIFE,AJK_Relife_14,94518698.3848612,147998872.87577632,,63.86 %
2024-04-01,AJK_RELIFE,AJK_Relife_14,91532819.8758349,140232345.18887743,,65.27 %
2024-05-01,AJK_RELIFE,AJK_Relife_14,88599767.84664696,153198957.85028368,,57.83 %
2024-06-01,AJK_RELIFE,AJK_Relife_14,85717516.11052477,144568468.0698982,,59.29 %
2024-07-01,AJK_RELIFE,AJK_Relife_14,82924872.00446627,136274953.32239684,,60.85 %
2024-08-01,AJK_RELIFE,AJK_Relife_14,80201028.92590827,128374393.39870813,,62.47 %
2024-09-01,AJK_RELIFE,AJK_Relife_14,77597640.06442377,120896071.4281415,,64.19 %
2024-10-01,AJK_RELIFE,AJK_Relife_14,75035157.93495533,113749678.70141211,,65.97 %
2024-11-01,AJK_RELIFE,AJK_Relife_14,72471572.48360795,106857130.85446005,,67.82 %
2024-12-01,AJK_RELIFE,AJK_Relife_14,69935291.70853734,100256349.91517736,,69.76 %
2023-12-01,AJK_RELIFE,AJK_Relife_15,12231688.82511,355476701.07726103,,3.44 %
2024-01-01,AJK_RELIFE,AJK_Relife_15,9797169.426999766,164145615.36747727,,5.97 %
2024-02-01,AJK_RELIFE,AJK_Relife_15,9637692.9665264,155979895.84289935,,6.18 %
2024-03-01,AJK_RELIFE,AJK_Relife_15,9470273.697754998,147998872.87577632,,6.40 %
2024-04-01,AJK_RELIFE,AJK_Relife_15,9292781.408559076,140232345.18887743,,6.63 %
2024-05-01,AJK_RELIFE,AJK_Relife_15,9116042.5034653,153198957.85028368,,5.95 %
2024-06-01,AJK_RELIFE,AJK_Relife_15,8936409.057128528,144568468.0698982,,6.18 %
2024-07-01,AJK_RELIFE,AJK_Relife_15,8764536.835123865,136274953.32239684,,6.43 %
2024-08-01,AJK_RELIFE,AJK_Relife_15,8600583.771370258,128374393.39870813,,6.70 %
2024-09-01,AJK_RELIFE,AJK_Relife_15,8447324.953227863,120896071.4281415,,6.99 %
2024-10-01,AJK_RELIFE,AJK_Relife_15,8297277.74478495,113749678.70141211,,7.29 %
2024-11-01,AJK_RELIFE,AJK_Relife_15,8141588.868658228,106857130.85446005,,7.62 %
2024-12-01,AJK_RELIFE,AJK_Relife_15,7983287.644806464,100256349.91517736,,7.96 %
2023-12-01,AJK_RELIFE,AJK_Relife_16,0.0,355476701.07726103,,0.00 %
2024-01-01,AJK_RELIFE,AJK_Relife_16,0.0,164145615.36747727,,0.00 %
2024-02-01,AJK_RELIFE,AJK_Relife_16,0.0,155979895.84289935,,0.00 %
2024-03-01,AJK_RELIFE,AJK_Relife_16,0.0,147998872.87577632,,0.00 %
2024-04-01,AJK_RELIFE,AJK_Relife_16,0.0,140232345.18887743,,0.00 %
2024-05-01,AJK_RELIFE,AJK_Relife_16,0.0,153198957.85028368,,0.00 %
2024-06-01,AJK_RELIFE,AJK_Relife_16,0.0,144568468.0698982,,0.00 %
2024-07-01,AJK_RELIFE,AJK_Relife_16,0.0,136274953.32239684,,0.00 %
2024-08-01,AJK_RELIFE,AJK_Relife_16,0.0,128374393.39870813,,0.00 %
2024-09-01,AJK_RELIFE,AJK_Relife_16,0.0,120896071.4281415,,0.00 %
2024-10-01,AJK_RELIFE,AJK_Relife_16,0.0,113749678.70141211,,0.00 %
2024-11-01,AJK_RELIFE,AJK_Relife_16,0.0,106857130.85446005,,0.00 %
2024-12-01,AJK_RELIFE,AJK_Relife_16,0.0,100256349.91517736,,0.00 %
2023-12-01,AJK_RELIFE,AJK_Relife_17,7179999.52747,355476701.07726103,,2.02 %
2024-01-01,AJK_RELIFE,AJK_Relife_17,4478074.421783943,164145615.36747727,,2.73 %
2024-02-01,AJK_RELIFE,AJK_Relife_17,4154644.903134816,155979895.84289935,,2.66 %
2024-03-01,AJK_RELIFE,AJK_Relife_17,3849394.8885098994,147998872.87577632,,2.60 %
2024-04-01,AJK_RELIFE,AJK_Relife_17,3538377.190194199,140232345.18887743,,2.52 %
2024-05-01,AJK_RELIFE,AJK_Relife_17,3225645.7669374538,153198957.85028368,,2.11 %
2024-06-01,AJK_RELIFE,AJK_Relife_17,2909010.608207047,144568468.0698982,,2.01 %
2024-07-01,AJK_RELIFE,AJK_Relife_17,2587130.223832771,136274953.32239684,,1.90 %
2024-08-01,AJK_RELIFE,AJK_Relife_17,2301386.2984105386,128374393.39870813,,1.79 %
2024-09-01,AJK_RELIFE,AJK_Relife_17,2026476.3613947572,120896071.4281415,,1.68 %
2024-10-01,AJK_RELIFE,AJK_Relife_17,1750070.9288757844,113749678.70141211,,1.54 %
2024-11-01,AJK_RELIFE,AJK_Relife_17,1471174.34933146,106857130.85446005,,1.38 %
2024-12-01,AJK_RELIFE,AJK_Relife_17,1190055.4946780978,100256349.91517736,,1.19 %
2023-12-01,AJK_RELIFE,AJK_Relife_18,2.0827389e-10,355476701.07726103,,0.00 %
2024-02-01,AJK_RELIFE,AJK_Relife_18,2.0827389e-10,155979895.84289935,,0.00 %
2024-03-01,AJK_RELIFE,AJK_Relife_18,2.0827389e-10,147998872.87577632,,0.00 %
2024-04-01,AJK_RELIFE,AJK_Relife_18,2.0827389e-10,140232345.18887743,,0.00 %
2024-05-01,AJK_RELIFE,AJK_Relife_18,2.0827389e-10,153198957.85028368,,0.00 %
2024-06-01,AJK_RELIFE,AJK_Relife_18,2.0827389e-10,144568468.0698982,,0.00 %
2024-07-01,AJK_RELIFE,AJK_Relife_18,2.0827389e-10,136274953.32239684,,0.00 %
2024-08-01,AJK_RELIFE,AJK_Relife_18,2.0827389e-10,128374393.39870813,,0.00 %
2024-09-01,AJK_RELIFE,AJK_Relife_18,2.0827389e-10,120896071.4281415,,0.00 %
2024-10-01,AJK_RELIFE,AJK_Relife_18,2.0827389e-10,113749678.70141211,,0.00 %
2024-11-01,AJK_RELIFE,AJK_Relife_18,2.0827389e-10,106857130.85446005,,0.00 %
2024-12-01,AJK_RELIFE,AJK_Relife_18,2.0827389e-10,100256349.91517736,,0.00 %
2023-12-01,AJK_RELIFE,AJK_Relife_5,1957155.11645,355476701.07726103,,0.55 %
2024-01-01,AJK_RELIFE,AJK_Relife_5,1476509.178984788,164145615.36747727,,0.90 %
2024-02-01,AJK_RELIFE,AJK_Relife_5,1343263.6089232878,155979895.84289935,,0.86 %
2024-03-01,AJK_RELIFE,AJK_Relife_5,1215370.7028577554,147998872.87577632,,0.82 %
2024-04-01,AJK_RELIFE,AJK_Relife_5,1092221.281819895,140232345.18887743,,0.78 %
2024-05-01,AJK_RELIFE,AJK_Relife_5,16670950.583235182,153198957.85028368,,10.88 %
2024-06-01,AJK_RELIFE,AJK_Relife_5,15400122.94380553,144568468.0698982,,10.65 %
2024-07-01,AJK_RELIFE,AJK_Relife_5,14121469.260092417,136274953.32239684,,10.36 %
2024-08-01,AJK_RELIFE,AJK_Relife_5,12862468.787694097,128374393.39870813,,10.02 %
2024-09-01,AJK_RELIFE,AJK_Relife_5,11615989.448858043,120896071.4281415,,9.61 %
2024-10-01,AJK_RELIFE,AJK_Relife_5,10383529.604730897,113749678.70141211,,9.13 %
2024-11-01,AJK_RELIFE,AJK_Relife_5,9140723.694653677,106857130.85446005,,8.55 %
2024-12-01,AJK_RELIFE,AJK_Relife_5,7887707.917841075,100256349.91517736,,7.87 %
2023-12-01,AJK_RELIFE,AJK_Relife_7,770280.8867,355476701.07726103,,0.22 %
2024-01-01,AJK_RELIFE,AJK_Relife_7,523158.73238048085,164145615.36747727,,0.32 %
2024-02-01,AJK_RELIFE,AJK_Relife_7,496506.5250802151,155979895.84289935,,0.32 %
2024-03-01,AJK_RELIFE,AJK_Relife_7,470463.1232855479,147998872.87577632,,0.32 %
2024-04-01,AJK_RELIFE,AJK_Relife_7,444105.6234474609,140232345.18887743,,0.32 %
2024-05-01,AJK_RELIFE,AJK_Relife_7,5203749.811692922,153198957.85028368,,3.40 %
2024-06-01,AJK_RELIFE,AJK_Relife_7,5032669.987216396,144568468.0698982,,3.48 %
2024-07-01,AJK_RELIFE,AJK_Relife_7,4864090.749094557,136274953.32239684,,3.57 %
2024-08-01,AJK_RELIFE,AJK_Relife_7,4694057.944270147,128374393.39870813,,3.66 %
2024-09-01,AJK_RELIFE,AJK_Relife_7,4524111.559951246,120896071.4281415,,3.74 %
2024-10-01,AJK_RELIFE,AJK_Relife_7,4355657.987400844,113749678.70141211,,3.83 %
2024-11-01,AJK_RELIFE,AJK_Relife_7,4182412.534113602,106857130.85446005,,3.91 %
2024-12-01,AJK_RELIFE,AJK_Relife_7,4006404.7529729297,100256349.91517736,,4.00 %
2023-12-01,SPUL,ASURANSI Q-INVESTA LINK_2021,1000927571.42765,13010769059.999933,,7.69 %
2024-02-01,SPUL,ASURANSI Q-INVESTA LINK_2021,731786016.7992175,8282572963.653301,,8.84 %
2023-12-01,SPUL,ASURANSI Q-INVESTA LINK_2022,3164452185.2781506,13010769059.999933,,24.32 %
2024-02-01,SPUL,ASURANSI Q-INVESTA LINK_2022,2766827952.4668727,8282572963.653301,,33.41 %
2023-12-01,SPUL,ASURANSI Q-INVESTA LINK_2023,2293871873.4206,13010769059.999933,,17.63 %
2024-02-01,SPUL,ASURANSI Q-INVESTA LINK_2023,1906303716.626092,8282572963.653301,,23.02 %
2024-05-01,SPUL,ASURANSI Q-INVESTA LINK_2023,1899892353.752761,11379854325.261303,,16.70 %
2024-06-01,SPUL,ASURANSI Q-INVESTA LINK_2023,1712865468.5756762,17288785711.27882,,9.91 %
2023-12-01,SPUL,ASURANSI STAR INVESTAMA PREMIUM_2019,1450240326.678096,13010769059.999933,,11.15 %
2024-01-01,SPUL,ASURANSI STAR INVESTAMA PREMIUM_2019,1268797009.5039096,22848182481.32057,,5.55 %
2024-02-01,SPUL,ASURANSI STAR INVESTAMA PREMIUM_2019,1237673195.6788492,8282572963.653301,,14.94 %
2024-03-01,SPUL,ASURANSI STAR INVESTAMA PREMIUM_2019,1446833989.2242885,9303612351.083628,,15.55 %
2024-04-01,SPUL,ASURANSI STAR INVESTAMA PREMIUM_2019,1351661678.096895,9196701169.813568,,14.70 %
2024-05-01,SPUL,ASURANSI STAR INVESTAMA PREMIUM_2019,1408715241.6677637,11379854325.261303,,12.38 %
2024-06-01,SPUL,ASURANSI STAR INVESTAMA PREMIUM_2019,1423454164.2256691,17288785711.27882,,8.23 %
2024-07-01,SPUL,ASURANSI STAR INVESTAMA PREMIUM_2019,1406997423.0899034,17876734240.03563,,7.87 %
2024-08-01,SPUL,ASURANSI STAR INVESTAMA PREMIUM_2019,1280365868.6809106,19273456227.174965,,6.64 %
2024-09-01,SPUL,ASURANSI STAR INVESTAMA PREMIUM_2019,1498043253.7278674,28782135496.05832,,5.20 %
2024-10-01,SPUL,ASURANSI STAR INVESTAMA PREMIUM_2019,1406299517.3151522,42487126287.77389,,3.31 %
2024-11-01,SPUL,ASURANSI STAR INVESTAMA PREMIUM_2019,1618594666.469841,23478305160.680916,,6.89 %
2024-12-01,SPUL,ASURANSI STAR INVESTAMA PREMIUM_2019,1789585098.943369,25781692615.52948,,6.94 %
2024-05-01,SPUL,ASURANSI STAR INVESTAMA PREMIUM_2020,114851626.49595922,11379854325.261303,,1.01 %
2024-06-01,SPUL,ASURANSI STAR INVESTAMA PREMIUM_2020,295140515.1969447,17288785711.27882,,1.71 %
2024-07-01,SPUL,ASURANSI STAR INVESTAMA PREMIUM_2020,228492642.2550136,17876734240.03563,,1.28 %
2024-08-01,SPUL,ASURANSI STAR INVESTAMA PREMIUM_2020,200897570.10295016,19273456227.174965,,1.04 %
2024-09-01,SPUL,ASURANSI STAR INVESTAMA PREMIUM_2020,247250074.46507213,28782135496.05832,,0.86 %
2024-10-01,SPUL,ASURANSI STAR INVESTAMA PREMIUM_2020,308817253.99509394,42487126287.77389,,0.73 %
2024-11-01,SPUL,ASURANSI STAR INVESTAMA PREMIUM_2020,356694106.0099827,23478305160.680916,,1.52 %
2024-12-01,SPUL,ASURANSI STAR INVESTAMA PREMIUM_2020,482094920.8194268,25781692615.52948,,1.87 %
2023-12-01,SPUL,ASURANSI STAR INVESTAMA PREMIUM_2021,3540564550.23433,13010769059.999933,,27.21 %
2024-02-01,SPUL,ASURANSI STAR INVESTAMA PREMIUM_2021,1233392440.8095722,8282572963.653301,,14.89 %
2024-03-01,SPUL,ASURANSI STAR INVESTAMA PREMIUM_2021,1127064002.7517767,9303612351.083628,,12.11 %
2024-04-01,SPUL,ASURANSI STAR INVESTAMA PREMIUM_2021,2262558865.351933,9196701169.813568,,24.60 %
2024-05-01,SPUL,ASURANSI STAR INVESTAMA PREMIUM_2021,3515604003.015545,11379854325.261303,,30.89 %
2024-06-01,SPUL,ASURANSI STAR INVESTAMA PREMIUM_2021,3658314757.891044,17288785711.27882,,21.16 %
2024-07-01,SPUL,ASURANSI STAR INVESTAMA PREMIUM_2021,3394527842.058357,17876734240.03563,,18.99 %
2024-11-01,SPUL,ASURANSI STAR INVESTAMA PREMIUM_2021,4024732600.163325,23478305160.680916,,17.14 %
2024-12-01,SPUL,ASURANSI STAR INVESTAMA PREMIUM_2021,3611019024.724127,25781692615.52948,,14.01 %
2023-12-01,SPUL,ASURANSI STAR INVESTAMA PREMIUM_2022,3565354029.3253083,13010769059.999933,,27.40 %
2024-04-01,SPUL,ASURANSI STAR INVESTAMA PREMIUM_2022,776342487.7359948,9196701169.813568,,8.44 %
2024-05-01,SPUL,ASURANSI STAR INVESTAMA PREMIUM_2022,2465841376.611717,11379854325.261303,,21.67 %
2024-06-01,SPUL,ASURANSI STAR INVESTAMA PREMIUM_2022,2739605430.502688,17288785711.27882,,15.85 %
2024-07-01,SPUL,ASURANSI STAR INVESTAMA PREMIUM_2022,2641497916.4842315,17876734240.03563,,14.78 %
2024-12-01,SPUL,ASURANSI STAR INVESTAMA PREMIUM_2022,3784686136.328007,25781692615.52948,,14.68 %
2023-12-01,SPUL,ASURANSI STAR INVESTAMA PREMIUM_2023,3623019552.797061,13010769059.999933,,27.85 %
2024-01-01,SPUL,ASURANSI STAR INVESTAMA PREMIUM_2023,1615647391.9562514,22848182481.32057,,7.07 %
2024-02-01,SPUL,ASURANSI STAR INVESTAMA PREMIUM_2023,2394073878.732788,8282572963.653301,,28.90 %
2024-03-01,SPUL,ASURANSI STAR INVESTAMA PREMIUM_2023,2600286319.7049384,9303612351.083628,,27.95 %
2024-04-01,SPUL,ASURANSI STAR INVESTAMA PREMIUM_2023,2621064137.502969,9196701169.813568,,28.50 %
2024-05-01,SPUL,ASURANSI STAR INVESTAMA PREMIUM_2023,3327905774.533964,11379854325.261303,,29.24 %
2024-06-01,SPUL,ASURANSI STAR INVESTAMA PREMIUM_2023,3493707991.476132,17288785711.27882,,20.21 %
2024-07-01,SPUL,ASURANSI STAR INVESTAMA PREMIUM_2023,3525249068.966708,17876734240.03563,,19.72 %
2024-08-01,SPUL,ASURANSI STAR INVESTAMA PREMIUM_2023,3190669329.2614946,19273456227.174965,,16.55 %
2023-12-01,RPUL,ASURANSI STAR PRIMA LINK_2023,31146188.9111,31146188.9111,,100.00 %
2024-01-01,RPUL,ASURANSI STAR PRIMA LINK_2023,26079309.010442644,26079309.010442644,,100.00 %
2024-02-01,RPUL,ASURANSI STAR PRIMA LINK_2023,20597802.35972932,20597802.35972932,,100.00 %
2024-03-01,RPUL,ASURANSI STAR PRIMA LINK_2023,17278944.069447245,17278944.069447245,,100.00 %
2024-04-01,RPUL,ASURANSI STAR PRIMA LINK_2023,12975024.062824272,12975024.062824272,,100.00 %
2024-05-01,RPUL,ASURANSI STAR PRIMA LINK_2023,12884849.89153009,12884849.89153009,,100.00 %
2024-06-01,RPUL,ASURANSI STAR PRIMA LINK_2023,32366957.22382392,33359928.826267865,,97.02 %
2024-07-01,RPUL,ASURANSI STAR PRIMA LINK_2023,33471453.631139264,34308192.26957162,,97.56 %
2024-08-01,RPUL,ASURANSI STAR PRIMA LINK_2023,33805782.219116546,35445665.66306127,,95.37 %
2024-09-01,RPUL,ASURANSI STAR PRIMA LINK_2023,32717540.60596129,36110424.9340424,,90.60 %
2024-10-01,RPUL,ASURANSI STAR PRIMA LINK_2023,32231201.464882404,35406849.31270999,,91.03 %
2024-11-01,RPUL,ASURANSI STAR PRIMA LINK_2023,31199372.98983743,34652167.14864611,,90.04 %
2024-12-01,RPUL,ASURANSI STAR PRIMA LINK_2023,30783083.537152443,35364128.37921876,,87.05 %
2023-12-01,RELIFE,DK_10,175257035.931,6155034808.39057,,2.85 %
2024-01-01,RELIFE,DK_10,159307398.7609028,5577840378.848294,,2.86 %
2024-02-01,RELIFE,DK_10,160576460.90801844,5608581854.576332,,2.86 %
2024-03-01,RELIFE,DK_10,143758384.80062994,5522628678.549486,,2.60 %
2024-04-01,RELIFE,DK_10,144641354.44125098,5486170953.032838,,2.64 %
2024-05-01,RELIFE,DK_10,145326167.3589055,5352612393.703883,,2.72 %
2024-06-01,RELIFE,DK_10,143365577.2389454,5203628204.469132,,2.76 %
2024-07-01,RELIFE,DK_10,143892301.5811336,5065451216.856623,,2.84 %
2024-08-01,RELIFE,DK_10,144698427.42372257,5037610107.941032,,2.87 %
2024-09-01,RELIFE,DK_10,145510623.72035772,5029201833.449666,,2.89 %
2024-10-01,RELIFE,DK_10,142789720.83398885,4922201889.276517,,2.90 %
2024-11-01,RELIFE,DK_10,143534908.5167815,4875399168.234564,,2.94 %
2024-12-01,RELIFE,DK_10,144020277.50418004,4867111941.224724,,2.96 %
2023-12-01,RELIFE,DK_11,197400469.163,6155034808.39057,,3.21 %
2024-01-01,RELIFE,DK_11,175379630.25933492,5577840378.848294,,3.14 %
2024-02-01,RELIFE,DK_11,176634057.76582068,5608581854.576332,,3.15 %
2024-03-01,RELIFE,DK_11,155686214.2133399,5522628678.549486,,2.82 %
2024-04-01,RELIFE,DK_11,156522521.70119834,5486170953.032838,,2.85 %
2024-05-01,RELIFE,DK_11,157240917.1628292,5352612393.703883,,2.94 %
2024-06-01,RELIFE,DK_11,157968855.52949932,5203628204.469132,,3.04 %
2024-07-01,RELIFE,DK_11,158595016.86781815,5065451216.856623,,3.13 %
2024-08-01,RELIFE,DK_11,159507254.8158909,5037610107.941032,,3.17 %
2024-09-01,RELIFE,DK_11,164218908.17990732,5029201833.449666,,3.27 %
2024-10-01,RELIFE,DK_11,165343519.48955423,4922201889.276517,,3.36 %
2024-11-01,RELIFE,DK_11,166282649.09898514,4875399168.234564,,3.41 %
2024-12-01,RELIFE,DK_11,167024977.31585664,4867111941.224724,,3.43 %
2023-12-01,RELIFE,DK_12,166895769.45,6155034808.39057,,2.71 %
2024-01-01,RELIFE,DK_12,158109296.74393696,5577840378.848294,,2.83 %
2024-02-01,RELIFE,DK_12,159311220.79381192,5608581854.576332,,2.84 %
2024-03-01,RELIFE,DK_12,161982853.83257708,5522628678.549486,,2.93 %
2024-04-01,RELIFE,DK_12,162957396.27731812,5486170953.032838,,2.97 %
2024-05-01,RELIFE,DK_12,163805767.2865087,5352612393.703883,,3.06 %
2024-06-01,RELIFE,DK_12,164663103.44716963,5203628204.469132,,3.16 %
2024-07-01,RELIFE,DK_12,165420470.8342414,5065451216.856623,,3.27 %
2024-08-01,RELIFE,DK_12,166429712.647718,5037610107.941032,,3.30 %
2024-09-01,RELIFE,DK_12,167446417.45460156,5029201833.449666,,3.33 %
2024-10-01,RELIFE,DK_12,168620905.29513866,4922201889.276517,,3.43 %
2024-11-01,RELIFE,DK_12,169628295.58219957,4875399168.234564,,3.48 %
2024-12-01,RELIFE,DK_12,170449707.8084754,4867111941.224724,,3.50 %
2023-12-01,RELIFE,DK_13,309030869.453,6155034808.39057,,5.02 %
2024-01-01,RELIFE,DK_13,275436877.0613241,5577840378.848294,,4.94 %
2024-02-01,RELIFE,DK_13,277665543.5458098,5608581854.576332,,4.95 %
2024-03-01,RELIFE,DK_13,275330939.9728632,5522628678.549486,,4.99 %
2024-04-01,RELIFE,DK_13,269668918.3757373,5486170953.032838,,4.92 %
2024-05-01,RELIFE,DK_13,264065901.02132112,5352612393.703883,,4.93 %
2024-06-01,RELIFE,DK_13,265511291.53574336,5203628204.469132,,5.10 %
2024-07-01,RELIFE,DK_13,266721775.63685697,5065451216.856623,,5.27 %
2024-08-01,RELIFE,DK_13,268308811.6824944,5037610107.941032,,5.33 %
2024-09-01,RELIFE,DK_13,269907626.7167798,5029201833.449666,,5.37 %
2024-10-01,RELIFE,DK_13,271719256.5188886,4922201889.276517,,5.52 %
2024-11-01,RELIFE,DK_13,273237163.2853792,4875399168.234564,,5.60 %
2024-12-01,RELIFE,DK_13,274365050.30191183,4867111941.224724,,5.64 %
2023-12-01,RELIFE,DK_14,144192465.9,6155034808.39057,,2.34 %
2024-01-01,RELIFE,DK_14,142219524.83265764,5577840378.848294,,2.55 %
2024-02-01,RELIFE,DK_14,143307369.11787915,5608581854.576332,,2.56 %
2024-03-01,RELIFE,DK_14,144312574.1663368,5522628678.549486,,2.61 %
2024-04-01,RELIFE,DK_14,145151714.5874389,5486170953.032838,,2.65 %
2024-05-01,RELIFE,DK_14,145905578.98159614,5352612393.703883,,2.73 %
2024-06-01,RELIFE,DK_14,146668694.9666418,5203628204.469132,,2.82 %
2024-07-01,RELIFE,DK_14,147352435.84436578,5065451216.856623,,2.91 %
2024-08-01,RELIFE,DK_14,148298167.40844375,5037610107.941032,,2.94 %
2024-09-01,RELIFE,DK_14,149247068.7902196,5029201833.449666,,2.97 %
2024-10-01,RELIFE,DK_14,150367682.52739602,4922201889.276517,,3.05 %
2024-11-01,RELIFE,DK_14,151326337.98470172,4875399168.234564,,3.10 %
2024-12-01,RELIFE,DK_14,152123019.08179626,4867111941.224724,,3.13 %
2023-12-01,RELIFE,DK_7,1851147572.227,6155034808.39057,,30.08 %
2024-01-01,RELIFE,DK_7,1611965223.8351705,5577840378.848294,,28.90 %
2024-02-01,RELIFE,DK_7,1624607272.85278,5608581854.576332,,28.97 %
2024-03-01,RELIFE,DK_7,1627777397.138055,5522628678.549486,,29.47 %
2024-04-01,RELIFE,DK_7,1586482675.8562098,5486170953.032838,,28.92 %
2024-05-01,RELIFE,DK_7,1546663755.2560005,5352612393.703883,,28.90 %
2024-06-01,RELIFE,DK_7,1536878958.1032574,5203628204.469132,,29.53 %
2024-07-01,RELIFE,DK_7,1449541522.176249,5065451216.856623,,28.62 %
2024-08-01,RELIFE,DK_7,1436537102.670145,5037610107.941032,,28.52 %
2024-09-01,RELIFE,DK_7,1427570522.134919,5029201833.449666,,28.39 %
2024-10-01,RELIFE,DK_7,1349734146.2460194,4922201889.276517,,27.42 %
2024-11-01,RELIFE,DK_7,1336108923.3999493,4875399168.234564,,27.41 %
2024-12-01,RELIFE,DK_7,1315729703.4298444,4867111941.224724,,27.03 %
2023-12-01,RELIFE,DK_8,2096301184.187,6155034808.39057,,34.06 %
2024-01-01,RELIFE,DK_8,1956920141.1506653,5577840378.848294,,35.08 %
2024-02-01,RELIFE,DK_8,1959549640.1107192,5608581854.576332,,34.94 %
2024-03-01,RELIFE,DK_8,1944679279.458213,5522628678.549486,,35.21 %
2024-04-01,RELIFE,DK_8,1945228498.2704976,5486170953.032838,,35.46 %
2024-05-01,RELIFE,DK_8,1848830921.59684,5352612393.703883,,34.54 %
2024-06-01,RELIFE,DK_8,1704905331.0639074,5203628204.469132,,32.76 %
2024-07-01,RELIFE,DK_8,1651446966.0105822,5065451216.856623,,32.60 %
2024-08-01,RELIFE,DK_8,1625144314.772846,5037610107.941032,,32.26 %
2024-09-01,RELIFE,DK_8,1611458021.9655895,5029201833.449666,,32.04 %
2024-10-01,RELIFE,DK_8,1572440055.2901356,4922201889.276517,,31.95 %
2024-11-01,RELIFE,DK_8,1528068856.1034842,4875399168.234564,,31.34 %
2024-12-01,RELIFE,DK_8,1531717312.6606035,4867111941.224724,,31.47 %
2023-12-01,RELIFE,DK_9,1023169817.325,6155034808.39057,,16.62 %
2024-01-01,RELIFE,DK_9,962013212.9810128,5577840378.848294,,17.25 %
2024-02-01,RELIFE,DK_9,969322935.8939816,5608581854.576332,,17.28 %
2024-03-01,RELIFE,DK_9,930583726.0315548,5522628678.549486,,16.85 %
2024-04-01,RELIFE,DK_9,936449903.4945216,5486170953.032838,,17.07 %
2024-05-01,RELIFE,DK_9,941505202.6110152,5352612393.703883,,17.59 %
2024-06-01,RELIFE,DK_9,944183523.716492,5203628204.469132,,18.14 %
2024-07-01,RELIFE,DK_9,943065169.5750782,5065451216.856623,,18.62 %
2024-08-01,RELIFE,DK_9,948752080.7443768,5037610107.941032,,18.83 %
2024-09-01,RELIFE,DK_9,953377153.8762274,5029201833.449666,,18.96 %
2024-10-01,RELIFE,DK_9,959831444.865257,4922201889.276517,,19.50 %
2024-11-01,RELIFE,DK_9,965413635.1652286,4875399168.234564,,19.80 %
2024-12-01,RELIFE,DK_9,969942446.2995288,4867111941.224724,,19.93 %
2023-12-01,RELIFE,JW_12,0.0,6155034808.39057,,0.00 %
2024-01-01,RELIFE,JW_12,-1.001802807376606e-16,5577840378.848294,,-0.00 %
2024-02-01,RELIFE,JW_12,-1.001802807376606e-16,5608581854.576332,,-0.00 %
2024-03-01,RELIFE,JW_12,-1.001802807376606e-16,5522628678.549486,,-0.00 %
2024-04-01,RELIFE,JW_12,-1.001802807376606e-16,5486170953.032838,,-0.00 %
2024-05-01,RELIFE,JW_12,-1.001802807376606e-16,5352612393.703883,,-0.00 %
2024-06-01,RELIFE,JW_12,-1.001802807376606e-16,5203628204.469132,,-0.00 %
2024-07-01,RELIFE,JW_12,-1.001802807376606e-16,5065451216.856623,,-0.00 %
2024-08-01,RELIFE,JW_12,-1.001802807376606e-16,5037610107.941032,,-0.00 %
2024-09-01,RELIFE,JW_12,-1.001802807376606e-16,5029201833.449666,,-0.00 %
2024-10-01,RELIFE,JW_12,-1.001802807376606e-16,4922201889.276517,,-0.00 %
2024-11-01,RELIFE,JW_12,-1.001802807376606e-16,4875399168.234564,,-0.00 %
2024-12-01,RELIFE,JW_12,-1.001802807376606e-16,4867111941.224724,,-0.00 %
2023-12-01,RELIFE,JW_15,0.0,6155034808.39057,,0.00 %
2024-01-01,RELIFE,JW_15,-1.0001765041178777e-16,5577840378.848294,,-0.00 %
2024-02-01,RELIFE,JW_15,-1.0001765041178777e-16,5608581854.576332,,-0.00 %
2024-03-01,RELIFE,JW_15,-1.0001765041178777e-16,5522628678.549486,,-0.00 %
2024-04-01,RELIFE,JW_15,-1.0001765041178777e-16,5486170953.032838,,-0.00 %
2024-05-01,RELIFE,JW_15,-1.0001765041178777e-16,5352612393.703883,,-0.00 %
2024-06-01,RELIFE,JW_15,-1.0001765041178777e-16,5203628204.469132,,-0.00 %
2024-07-01,RELIFE,JW_15,-1.0001765041178777e-16,5065451216.856623,,-0.00 %
2024-08-01,RELIFE,JW_15,-1.0001765041178777e-16,5037610107.941032,,-0.00 %
2024-09-01,RELIFE,JW_15,-1.0001765041178777e-16,5029201833.449666,,-0.00 %
2024-10-01,RELIFE,JW_15,-1.0001765041178777e-16,4922201889.276517,,-0.00 %
2024-11-01,RELIFE,JW_15,-1.0001765041178777e-16,4875399168.234564,,-0.00 %
2024-12-01,RELIFE,JW_15,-1.0001765041178777e-16,4867111941.224724,,-0.00 %
2023-12-01,RELIFE,JW_16,59040.47827,6155034808.39057,,0.00 %
2024-01-01,RELIFE,JW_16,42679.92309899208,5577840378.848294,,0.00 %
2024-02-01,RELIFE,JW_16,32190.52845676455,5608581854.576332,,0.00 %
2024-03-01,RELIFE,JW_16,21583.39278970009,5522628678.549486,,0.00 %
2024-04-01,RELIFE,JW_16,10859.861006537736,5486170953.032838,,0.00 %
2024-05-01,RELIFE,JW_16,-1.5418772818520663e-06,5352612393.703883,,-0.00 %
2024-07-01,RELIFE,JW_16,-1.5418772818520663e-06,5065451216.856623,,-0.00 %
2024-08-01,RELIFE,JW_16,-1.5418772818520663e-06,5037610107.941032,,-0.00 %
2024-09-01,RELIFE,JW_16,-1.5418772818520663e-06,5029201833.449666,,-0.00 %
2024-10-01,RELIFE,JW_16,-1.5418772818520663e-06,4922201889.276517,,-0.00 %
2024-11-01,RELIFE,JW_16,-1.5418772818520663e-06,4875399168.234564,,-0.00 %
2024-12-01,RELIFE,JW_16,-1.5418772818520663e-06,4867111941.224724,,-0.00 %
2023-12-01,RELIFE,JW_9,5271304.2413,6155034808.39057,,0.09 %
2024-01-01,RELIFE,JW_9,3885065.107661235,5577840378.848294,,0.07 %
2024-02-01,RELIFE,JW_9,3857279.150220425,5608581854.576332,,0.07 %
2024-03-01,RELIFE,JW_9,3826976.0973316506,5522628678.549486,,0.07 %
2024-04-01,RELIFE,JW_9,3797207.120543273,5486170953.032838,,0.07 %
2024-05-01,RELIFE,JW_9,3760106.061867014,5352612393.703883,,0.07 %
2024-06-01,RELIFE,JW_9,3721172.225043952,5203628204.469132,,0.07 %
2024-07-01,RELIFE,JW_9,3682342.185939761,5065451216.856623,,0.07 %
2024-08-01,RELIFE,JW_9,3645167.873933877,5037610107.941032,,0.07 %
2024-09-01,RELIFE,JW_9,3611577.1185713983,5029201833.449666,,0.07 %
2024-10-01,RELIFE,JW_9,3573477.3553786585,4922201889.276517,,0.07 %
2024-11-01,RELIFE,JW_9,3531043.0078972518,4875399168.234564,,0.07 %
2024-12-01,RELIFE,JW_9,3484554.061418874,4867111941.224724,,0.07 %
2023-12-01,RELIFE,SH_10,57208223.835,6155034808.39057,,0.93 %
2024-01-01,RELIFE,SH_10,40645078.32110931,5577840378.848294,,0.73 %
2024-02-01,RELIFE,SH_10,40997691.29509125,5608581854.576332,,0.73 %
2024-03-01,RELIFE,SH_10,41283770.813849285,5522628678.549486,,0.75 %
2024-04-01,RELIFE,SH_10,41451820.30415004,5486170953.032838,,0.76 %
2024-05-01,RELIFE,SH_10,41513550.722016014,5352612393.703883,,0.78 %
2024-06-01,RELIFE,SH_10,41576904.77567263,5203628204.469132,,0.80 %
2024-07-01,RELIFE,SH_10,41552791.65083331,5065451216.856623,,0.82 %
2024-08-01,RELIFE,SH_10,41718739.12049952,5037610107.941032,,0.83 %
2024-09-01,RELIFE,SH_10,41885810.440753445,5029201833.449666,,0.83 %
2024-10-01,RELIFE,SH_10,42174230.88401364,4922201889.276517,,0.86 %
2024-11-01,RELIFE,SH_10,42320267.10734453,4875399168.234564,,0.87 %
2024-12-01,RELIFE,SH_10,42306357.27015725,4867111941.224724,,0.87 %
2023-12-01,RELIFE,SH_11,12247112.27,6155034808.39057,,0.20 %
2024-01-01,RELIFE,SH_11,8898955.753635578,5577840378.848294,,0.16 %
2024-02-01,RELIFE,SH_11,8978392.91453177,5608581854.576332,,0.16 %
2024-03-01,RELIFE,SH_11,9042992.892830834,5522628678.549486,,0.16 %
2024-04-01,RELIFE,SH_11,9080857.18129194,5486170953.032838,,0.17 %
2024-05-01,RELIFE,SH_11,9095060.443141617,5352612393.703883,,0.17 %
2024-06-01,RELIFE,SH_11,9109625.778714469,5203628204.469132,,0.18 %
2024-07-01,RELIFE,SH_11,9104615.282550022,5065451216.856623,,0.18 %
2024-08-01,RELIFE,SH_11,9142520.416911926,5037610107.941032,,0.18 %
2024-09-01,RELIFE,SH_11,9180675.926870847,5029201833.449666,,0.18 %
2024-10-01,RELIFE,SH_11,9246276.125554932,4922201889.276517,,0.19 %
2024-11-01,RELIFE,SH_11,9279051.774768278,4875399168.234564,,0.19 %
2024-12-01,RELIFE,SH_11,9275930.52451251,4867111941.224724,,0.19 %
2023-12-01,RELIFE,SH_12,8612815.756,6155034808.39057,,0.14 %
2024-01-01,RELIFE,SH_12,6909238.54053699,5577840378.848294,,0.12 %
2024-02-01,RELIFE,SH_12,6989240.648481066,5608581854.576332,,0.12 %
2024-03-01,RELIFE,SH_12,7054249.504393791,5522628678.549486,,0.13 %
2024-04-01,RELIFE,SH_12,7092728.615674859,5486170953.032838,,0.13 %
2024-05-01,RELIFE,SH_12,7105340.442022223,5352612393.703883,,0.13 %
2024-06-01,RELIFE,SH_12,7118311.867533387,5203628204.469132,,0.14 %
2024-07-01,RELIFE,SH_12,7110345.940122185,5065451216.856623,,0.14 %
2024-08-01,RELIFE,SH_12,7145561.166145798,5037610107.941032,,0.14 %
2024-09-01,RELIFE,SH_12,7181013.255834521,5029201833.449666,,0.14 %
2024-10-01,RELIFE,SH_12,7243864.009596875,4922201889.276517,,0.15 %
2024-11-01,RELIFE,SH_12,7274007.05723799,4875399168.234564,,0.15 %
2024-12-01,RELIFE,SH_12,7266251.228403922,4867111941.224724,,0.15 %
2023-12-01,RELIFE,SH_14,0.0,6155034808.39057,,0.00 %
2024-01-01,RELIFE,SH_14,1.1641532182693479e-10,5577840378.848294,,0.00 %
2024-02-01,RELIFE,SH_14,1.1641532182693479e-10,5608581854.576332,,0.00 %
2024-03-01,RELIFE,SH_14,1.1641532182693479e-10,5522628678.549486,,0.00 %
2024-04-01,RELIFE,SH_14,1.1641532182693479e-10,5486170953.032838,,0.00 %
2024-05-01,RELIFE,SH_14,1.1641532182693479e-10,5352612393.703883,,0.00 %
2024-06-01,RELIFE,SH_14,1.1641532182693479e-10,5203628204.469132,,0.00 %
2024-07-01,RELIFE,SH_14,1.1641532182693479e-10,5065451216.856623,,0.00 %
2024-08-01,RELIFE,SH_14,1.1641532182693479e-10,5037610107.941032,,0.00 %
2024-09-01,RELIFE,SH_14,1.1641532182693479e-10,5029201833.449666,,0.00 %
2024-10-01,RELIFE,SH_14,1.1641532182693479e-10,4922201889.276517,,0.00 %
2024-11-01,RELIFE,SH_14,1.1641532182693479e-10,4875399168.234564,,0.00 %
2024-12-01,RELIFE,SH_14,1.1641532182693479e-10,4867111941.224724,,0.00 %
2023-12-01,RELIFE,SH_7,29926848.171,6155034808.39057,,0.49 %
2024-01-01,RELIFE,SH_7,22797944.727996923,5577840378.848294,,0.41 %
2024-02-01,RELIFE,SH_7,23014109.10181677,5608581854.576332,,0.41 %
2024-03-01,RELIFE,SH_7,23197815.53689509,5522628678.549486,,0.42 %
2024-04-01,RELIFE,SH_7,23331978.138952103,5486170953.032838,,0.43 %
2024-05-01,RELIFE,SH_7,23394530.70163871,5352612393.703883,,0.44 %
2024-06-01,RELIFE,SH_7,23458085.976116125,5203628204.469132,,0.45 %
2024-07-01,RELIFE,SH_7,23468126.924146444,5065451216.856623,,0.46 %
2024-08-01,RELIFE,SH_7,23564825.8697648,5037610107.941032,,0.47 %
2024-09-01,RELIFE,SH_7,23667384.3015116,5029201833.449666,,0.47 %
2024-10-01,RELIFE,SH_7,23814079.69470109,4922201889.276517,,0.48 %
2024-11-01,RELIFE,SH_7,23885212.180438064,4875399168.234564,,0.49 %
2024-12-01,RELIFE,SH_7,23870596.298391413,4867111941.224724,,0.49 %
2023-12-01,RELIFE,SH_8,5045812.923,6155034808.39057,,0.08 %
2024-01-01,RELIFE,SH_8,3973573.074021264,5577840378.848294,,0.07 %
2024-02-01,RELIFE,SH_8,4010317.447229031,5608581854.576332,,0.07 %
2024-03-01,RELIFE,SH_8,4042082.9463004903,5522628678.549486,,0.07 %
2024-04-01,RELIFE,SH_8,4067799.6521455455,5486170953.032838,,0.07 %
2024-05-01,RELIFE,SH_8,4080362.3765076455,5352612393.703883,,0.08 %
2024-06-01,RELIFE,SH_8,4093123.593423496,5203628204.469132,,0.08 %
2024-07-01,RELIFE,SH_8,4096624.4117485695,5065451216.856623,,0.08 %
2024-08-01,RELIFE,SH_8,4111790.719713553,5037610107.941032,,0.08 %
2024-09-01,RELIFE,SH_8,4127049.155724832,5029201833.449666,,0.08 %
2024-10-01,RELIFE,SH_8,4148696.332039145,4922201889.276517,,0.08 %
2024-11-01,RELIFE,SH_8,4159838.882806017,4875399168.234564,,0.09 %
2024-12-01,RELIFE,SH_8,4156155.786787528,4867111941.224724,,0.09 %
2023-12-01,RELIFE,SH_9,73268467.08,6155034808.39057,,1.19 %
2024-01-01,RELIFE,SH_9,49336537.77522883,5577840378.848294,,0.88 %
2024-02-01,RELIFE,SH_9,49728132.50168371,5608581854.576332,,0.89 %
2024-03-01,RELIFE,SH_9,50047837.75152543,5522628678.549486,,0.91 %
2024-04-01,RELIFE,SH_9,50234719.15490103,5486170953.032838,,0.92 %
2024-05-01,RELIFE,SH_9,50319231.68167549,5352612393.703883,,0.94 %
2024-06-01,RELIFE,SH_9,50405644.65097168,5203628204.469132,,0.97 %
2024-07-01,RELIFE,SH_9,50400711.93495836,5065451216.856623,,0.99 %
2024-08-01,RELIFE,SH_9,50605630.608426765,5037610107.941032,,1.00 %
2024-09-01,RELIFE,SH_9,50811980.4117992,5029201833.449666,,1.01 %
2024-10-01,RELIFE,SH_9,51154533.808856174,4922201889.276517,,1.04 %
2024-11-01,RELIFE,SH_9,51348979.08736375,4875399168.234564,,1.05 %
2024-12-01,RELIFE,SH_9,51379601.6528569,4867111941.224724,,1.06 %
